2 8048 3 3 2 3 2 3 2 2 2 1
3 8027 5 4 5 5 5 5 5 5 2 1
4 8058 3 4 3 4 1 4 3 2 1 1
5 8047 1 1 1 1 1 1 1 1 2 1
6 8053 2 3 1 1 1 3 1 1 2 1
9 7107 4 4 4 4 4 4 4 4 2 1
10 6152 2 2 2 2 2 2 2 2 1 1
13 7103 4 4 4 4 5 5 5 5 2 1
14 6023 5 4 5 5 3 5 3 4 2 1
15 8035 4 3 4 4 4 4 3 3 1 1
16 6151 2 4 4 3 4 4 3 3 1 1
17 6154 5 5 5 5 4 5 3 2 2 1
20 7086 4 4 4 4 2 5 4 2 1 1
21 7115 3 3 3 3 3 3 3 3 1 1
22 6154 3 2 2 3 2 3 1 3 2 1
23 8058 1 1 1 1 1 1 1 1 1 1
24 8026 4 2 2 2 2 2 2 2 2 1
25 6143 4 4 5 4 4 4 5 4 2 1
26 6155 4 4 4 4 4 5 3 5 2 1
27 6144 3 3 3 3 1 3 3 2 1 1
28 6154 5 2 5 4 5 5 2 3 2 1
29 8056 4 2 4 4 1 4 1 2 2 1
30 8056 4 3 3 4 2 2 2 3 2 1
31 7117 4 4 4 4 2 3 3 4 1 1
32 6152 3 3 2 2 3 4 2 2 1 1
33 7115 4 4 4 4 4 4 3 3 1 1
34 8061 2 2 2 2 4 4 2 4 2 1
35 8045 5 5 5 5 1 5 3 4 2 1
36 8035 3 1 1 1 4 1 1 1 2 1
37 6153 5 5 5 5 4 5 3 4 1 1
38 6097 4 4 5 4 4 4 4 4 1 1
39 6102 4 4 4 5 2 4 2 3 2 1
40 7099 2 4 4 5 4 4 2 2 1 1
41 6155 2 3 1 2 1 3 1 2 2 1
42 6157 3 3 3 3 2 3 1 1 1 1
43 8050 2 2 4 3 5 4 2 4 2 1
44 7109 2 4 2 2 2 5 1 3 1 1
45 6157 4 4 3 5 4 4 2 2 1 1
46 8055 4 2 4 4 2 4 2 3 2 1
47 6158 3 4 4 4 4 4 1 2 1 1
48 8034 1 1 1 1 1 1 1 1 1 1
49 6022 5 4 4 5 3 5 2 3 2 1
50 6137 5 5 5 5 4 5 5 4 2 1
51 8037 3 3 3 2 -999 4 1 3 1 1
52 6154 5 3 5 5 4 4 3 3 2 1
54 6101 4 4 3 3 4 4 2 2 2 1
55 6137 4 4 4 4 3 4 4 4 2 1
56 6157 3 3 4 3 3 3 2 3 1 1
58 8035 3 4 3 3 1 4 1 3 2 1
59 7107 4 2 5 4 4 5 5 5 2 1
60 6137 4 3 4 4 3 4 3 4 2 1
61 7107 4 4 4 4 4 5 2 2 2 1
62 6137 1 1 1 1 1 1 1 1 2 1
63 8052 1 1 1 1 1 1 1 1 1 1
64 8030 4 4 4 4 4 4 4 4 1 1
65 6157 4 4 4 4 4 4 4 4 1 1
66 6271 4 4 5 5 5 3 2 4 1 2
67 7102 4 4 3 3 2 4 4 5 1 1
68 8038 4 2 2 4 2 3 1 2 2 1
69 8059 2 2 4 2 4 3 2 5 2 1
70 8035 2 1 1 1 1 1 1 1 2 1
71 8334 2 2 2 2 3 3 2 2 1 4
72 6139 5 3 4 4 4 4 2 3 2 1
73 8043 3 3 2 4 1 4 1 2 1 1
74 6138 3 5 3 4 4 5 1 4 2 1
75 6136 3 2 4 2 4 2 2 2 1 1
76 6136 3 3 2 2 4 3 1 4 1 1
78 7103 2 1 1 1 1 3 1 1 2 1
79 6158 4 3 4 4 3 4 2 3 1 1
80 6136 3 3 4 3 4 4 3 3 1 1
81 6158 1 1 1 1 1 1 1 1 1 1
82 8057 3 3 2 2 2 4 1 1 1 1
83 8039 3 3 3 3 3 3 3 3 2 1
84 7100 4 3 4 4 2 3 1 1 2 1
85 6139 4 4 4 4 3 5 5 3 2 1
86 6136 2 2 2 2 3 2 2 3 1 1
87 6158 4 5 5 5 5 5 3 2 1 1
88 6139 4 4 4 4 4 4 4 4 2 1
89 9991 1 1 1 1 3 1 1 1 1 4
90 6158 5 1 5 5 5 5 2 5 1 1
91 6136 3 3 4 3 2 3 2 3 1 1
92 6136 3 1 1 1 1 1 1 1 1 1
93 6136 2 2 2 2 2 2 1 1 1 1
94 6136 4 4 4 1 1 1 1 1 1 1
95 6158 3 3 3 3 3 3 3 3 1 1
96 6136 5 4 4 4 4 4 5 3 1 1
97 6141 5 3 4 4 4 4 3 4 1 1
98 6138 4 4 3 3 2 4 3 2 2 1
99 7103 1 1 5 1 1 1 1 1 1 1
100 6139 1 1 1 1 1 1 1 1 2 1
101 8030 3 3 3 3 5 5 5 5 1 1
102 8044 1 1 1 1 1 5 1 3 1 1
103 6137 5 4 4 4 4 4 4 2 2 1
105 6091 3 3 3 3 3 3 3 3 2 1
106 6137 5 3 5 5 5 5 2 4 2 1
107 6088 5 5 5 5 2 5 1 1 2 1
108 6139 4 4 4 4 4 4 4 4 2 1
109 6136 2 1 1 1 1 1 1 1 1 1
110 6136 4 2 4 4 2 4 1 1 1 1
111 6091 4 4 4 4 2 4 4 4 2 1
114 7134 4 3 4 4 3 4 2 2 2 2
119 8043 3 3 3 3 3 3 3 3 1 1
121 8034 2 2 2 2 2 3 3 4 1 1
122 7115 3 4 4 4 4 4 3 4 1 1
123 7107 5 5 5 5 5 5 5 5 2 1
124 6276 4 4 4 4 4 4 4 3 2 2
125 6100 4 3 3 3 4 4 3 3 2 1
126 6140 4 5 5 5 4 4 4 3 1 1
127 7224 2 3 3 3 4 4 2 2 1 1
128 6101 4 2 3 4 4 4 1 3 2 1
129 6045 5 4 5 5 2 5 1 1 2 1
130 6101 2 1 1 1 1 4 3 1 2 1
131 8003 3 3 4 4 3 4 3 3 2 1
132 7372 3 3 4 4 5 4 4 4 2 1
134 6101 4 4 4 2 2 5 5 5 2 1
135 7106 2 2 3 2 4 4 2 4 2 1
136 8034 1 1 3 3 1 3 1 1 1 1
137 7217 5 5 5 5 5 5 5 3 2 1
138 6100 1 1 1 1 1 1 1 1 1 1
140 7107 4 3 4 3 4 5 2 2 2 1
141 6140 4 3 4 4 5 4 3 5 1 1
143 7117 1 1 1 1 1 1 1 1 1 1
144 8003 5 5 5 5 2 5 3 3 1 1
146 7107 4 2 2 1 2 4 1 3 2 1
147 6100 4 2 3 4 3 2 2 2 2 1
148 6140 4 3 2 3 1 4 1 1 1 1
149 7223 4 4 4 4 4 4 2 5 2 1
150 6102 4 3 5 4 4 4 4 4 2 1
151 6141 4 4 4 4 4 4 4 4 1 1
152 8055 3 1 1 2 3 4 1 1 2 1
153 6042 4 4 5 4 5 5 2 1 2 1
154 6042 5 5 5 5 5 5 4 4 2 1
155 7092 4 3 4 3 2 3 2 3 1 1
156 6042 4 3 4 3 3 4 2 2 2 1
158 8035 5 5 5 5 5 5 5 3 2 1
159 6042 2 2 2 2 2 2 3 3 2 1
160 7092 4 3 5 3 2 4 2 5 2 1
161 8002 1 1 1 1 1 1 1 1 1 1
162 6043 4 5 5 5 4 5 4 4 1 1
163 6047 3 1 2 2 5 4 3 5 2 1
164 7092 3 3 3 3 3 3 3 3 2 1
165 6042 4 4 3 4 2 4 1 3 2 1
167 8035 1 1 1 1 3 4 1 1 2 1
168 6047 4 3 4 4 2 2 2 2 1 1
169 7092 3 3 4 3 4 3 2 2 2 1
170 8039 5 5 5 5 2 5 1 1 2 1
171 6042 5 2 5 5 5 4 5 5 2 1
173 6042 4 4 4 4 4 4 3 4 1 1
174 6044 4 4 4 4 3 3 3 3 1 1
175 8056 2 2 3 2 2 4 2 3 2 1
176 7107 2 2 4 1 5 2 1 1 2 1
177 8056 1 5 1 5 1 5 1 1 2 1
178 6046 4 1 5 4 1 5 3 4 2 1
179 6042 3 3 3 4 4 3 3 3 2 1
180 8011 3 2 3 3 4 4 2 4 2 1
181 6047 4 4 5 2 1 3 1 1 2 1
182 6079 3 2 2 2 2 4 1 1 2 1
183 7223 4 2 2 3 3 4 1 2 2 1
184 6080 3 3 3 3 3 3 3 3 1 1
185 7004 3 2 3 2 4 4 2 2 2 3
187 8030 1 1 1 1 1 1 1 1 1 1
190 6078 3 3 3 4 4 4 2 3 2 1
191 6076 3 1 3 1 3 3 1 1 2 1
192 8018 3 3 3 3 3 3 3 3 2 1
193 6161 3 3 3 5 1 3 1 2 2 1
194 6079 4 2 3 3 1 4 1 2 2 1
196 8004 2 1 1 2 1 4 1 1 2 1
197 6078 4 4 5 3 4 5 4 3 2 1
198 7114 1 2 2 3 4 2 1 1 1 1
201 6091 1 1 1 1 1 1 1 1 2 1
203 8020 1 1 1 3 4 4 1 3 2 1
204 6080 4 4 5 4 1 4 3 3 1 1
205 6077 5 3 4 5 2 4 2 4 1 1
206 7212 2 2 2 1 4 1 1 1 1 1
207 6080 3 3 4 5 1 3 1 1 1 1
208 6079 4 2 4 4 3 2 2 2 2 1
209 7098 4 4 4 4 2 4 2 2 1 1
210 6077 5 5 5 5 1 1 3 5 1 1
211 6077 3 1 1 4 2 3 1 1 1 1
212 6080 1 1 1 1 1 1 1 1 1 1
213 6076 1 1 1 1 4 4 1 1 2 1
214 6079 5 4 4 5 5 5 3 3 2 1
215 6080 4 2 4 3 3 4 2 4 1 1
216 9015 1 1 1 1 1 1 1 1 1 1
217 6080 1 1 1 1 1 1 1 1 1 1
218 6077 4 1 1 1 5 3 1 3 1 1
220 6077 3 3 3 3 4 3 2 1 1 1
221 6078 5 5 5 5 5 5 3 2 2 1
222 7098 3 1 5 1 5 5 3 1 1 1
223 7097 5 5 5 5 4 5 5 5 1 1
224 7351 1 1 1 1 1 1 1 1 1 1
225 6077 3 5 3 4 5 5 3 2 1 1
226 7098 4 3 4 4 4 4 2 2 1 1
228 6074 2 2 3 1 3 2 2 3 2 1
229 7373 5 5 5 5 5 5 5 3 2 1
230 6160 4 5 4 5 3 5 2 5 2 1
231 6161 1 1 1 1 1 1 1 1 1 1
233 6499 3 2 2 2 3 2 2 1 1 4
235 8058 3 3 3 2 1 3 1 1 1 1
237 6473 5 5 5 5 1 5 5 1 2 3
239 6668 2 1 1 1 1 1 1 1 1 4
240 6161 3 3 2 2 2 2 2 3 2 1
241 8018 2 2 3 3 1 4 1 2 2 1
243 6160 3 3 3 3 3 3 3 1 2 1
244 8022 1 3 1 1 1 1 1 1 2 1
247 8061 3 3 3 3 3 3 3 3 2 1
248 8223 4 4 3 4 2 4 2 3 2 4
251 6159 2 2 3 2 2 3 2 2 1 1
252 6160 4 1 5 1 1 5 1 1 2 1
253 8019 3 3 3 4 1 3 3 2 1 1
254 7098 2 2 2 2 4 2 2 3 1 1
258 7369 2 2 2 2 2 4 2 3 2 4
259 6159 4 4 4 4 4 3 3 5 1 1
262 6160 4 2 4 5 4 5 1 4 2 1
263 6161 4 3 4 4 4 4 -999 -999 2 1
264 6160 4 5 3 4 1 4 2 2 2 1
266 6164 5 5 4 4 4 5 1 3 2 1
271 7097 4 3 5 5 3 5 4 5 1 1
272 6106 2 1 2 1 1 1 1 2 2 1
273 6023 2 1 3 4 4 5 1 1 2 1
274 6606 2 2 2 2 2 2 2 4 2 3
275 6107 4 4 4 3 3 4 2 2 2 1
276 6521 4 4 4 4 2 4 3 4 1 3
277 6556 4 4 4 4 1 4 1 4 2 3
278 6023 4 4 3 4 3 4 2 2 2 1
279 6022 5 4 5 5 5 5 3 5 2 1
280 6105 3 4 4 3 3 4 3 3 2 1
281 6495 4 1 2 2 1 3 1 1 2 3
282 8060 2 2 1 2 3 2 1 2 1 1
283 6105 5 4 3 3 3 4 2 3 1 1
284 7108 4 5 4 5 3 4 1 1 1 1
285 8017 4 2 2 2 1 1 1 1 1 1
286 7173 3 4 4 4 4 5 3 2 1 3
287 6022 4 3 4 4 3 4 3 3 2 1
288 6064 5 4 4 4 4 5 3 4 2 1
290 6103 4 4 4 4 4 4 4 2 2 1
292 8026 4 3 4 4 3 3 3 3 2 1
293 7108 4 1 1 1 1 1 1 1 1 1
294 6108 2 3 4 4 5 4 2 4 1 1
295 6108 2 2 2 3 4 2 1 2 1 1
296 6105 4 4 4 5 2 4 3 4 2 1
298 6105 4 4 4 4 4 5 1 1 2 1
299 6023 4 4 3 5 1 4 2 1 2 1
300 7221 5 4 4 5 3 5 5 3 2 1
301 6023 2 2 3 4 4 4 1 3 2 1
302 8004 4 4 4 4 4 4 4 4 2 1
304 6104 4 4 3 4 4 4 4 4 1 1
305 8017 1 1 1 1 1 1 1 1 1 1
306 6108 1 1 1 1 3 1 1 3 1 1
307 6106 5 5 5 5 5 5 3 3 2 1
308 6107 5 5 5 3 5 5 3 2 2 1
309 6023 3 1 1 3 3 4 1 1 2 1
310 8038 3 2 3 2 3 3 1 2 2 1
311 6103 4 4 4 4 4 5 5 4 2 1
312 8056 4 4 3 4 5 5 3 2 1 1
315 6024 3 4 2 2 2 4 2 2 2 1
316 7096 5 4 5 5 5 5 5 4 1 1
317 6105 4 4 4 2 4 4 1 2 1 1
320 6061 4 3 4 5 5 5 1 1 1 1
321 8018 2 1 3 4 1 3 1 1 2 1
324 8023 3 2 2 4 4 3 2 2 1 1
325 6024 5 5 4 5 4 5 3 1 2 1
326 8037 3 3 3 3 3 4 2 3 2 1
327 6556 4 4 4 4 3 5 3 4 2 3
328 6056 5 4 5 4 3 5 3 4 2 1
330 6075 4 3 3 3 2 4 4 2 1 1
332 6073 5 4 4 4 3 4 4 3 2 1
333 6024 4 4 4 4 2 4 4 3 2 1
335 6022 5 5 5 5 5 5 5 5 1 1
336 6022 3 3 3 3 2 3 2 3 1 1
338 6024 1 1 1 1 1 1 1 1 2 1
339 6058 4 4 4 3 3 4 2 2 1 1
342 6023 5 5 5 5 5 5 5 5 2 1
343 8020 1 1 1 1 1 1 1 1 1 1
344 6152 5 5 5 5 5 5 5 5 1 1
345 6104 1 1 4 3 4 3 2 3 1 1
346 6073 3 3 4 4 4 4 3 4 2 1
347 8017 5 5 4 4 3 5 5 5 1 1
348 8025 3 2 3 3 2 2 2 3 2 1
349 8038 3 2 2 3 2 2 2 4 2 1
351 6104 4 5 3 5 1 4 1 1 1 1
352 7341 1 1 1 1 1 1 2 1 1 1
353 6073 5 3 5 3 4 3 4 5 2 1
354 6023 5 1 5 5 5 5 1 5 2 1
357 6104 3 2 4 4 1 3 1 3 1 1
358 6072 1 1 1 1 1 1 1 1 1 1
360 6058 3 3 4 3 4 3 3 3 1 1
361 6070 3 3 4 3 3 4 3 4 2 1
362 6058 4 4 5 5 3 5 4 3 1 1
364 8018 5 5 5 5 2 4 1 3 2 1
366 6070 3 2 3 3 2 2 1 1 2 1
367 8022 1 1 1 1 1 1 1 1 2 1
368 7096 3 3 3 3 2 4 1 1 1 1
369 6074 5 5 5 5 5 5 5 3 1 1
372 6071 4 4 5 3 2 5 4 1 1 1
373 6071 1 1 1 1 1 1 1 1 1 1
374 6073 4 4 4 5 3 4 2 1 2 1
375 8016 1 1 1 1 1 3 1 1 1 1
376 6072 2 2 2 2 1 2 2 2 2 1
379 6797 1 1 1 1 1 1 1 1 1 4
382 8003 2 3 5 1 5 3 1 1 2 1
383 6070 4 4 4 3 3 4 2 2 1 1
384 8019 3 4 2 3 4 1 1 2 1 1
385 6073 5 5 5 3 4 5 2 3 2 1
386 7229 5 5 5 5 5 5 5 5 2 1
387 6074 4 2 2 4 3 4 5 5 1 1
388 6073 4 4 4 4 1 4 4 1 2 1
389 6058 3 3 3 3 4 3 2 3 1 1
390 6058 3 2 2 2 2 2 2 2 1 1
392 8023 3 3 3 3 2 3 3 2 1 1
393 6075 4 2 3 5 3 3 1 1 2 1
395 6071 4 1 2 5 1 5 1 1 1 1
396 6072 5 5 5 5 5 5 5 5 1 1
397 6058 4 4 4 4 2 2 2 2 1 1
398 6067 4 4 5 4 4 5 3 3 2 1
399 6061 4 5 4 3 3 4 2 4 2 1
400 7227 5 4 5 4 4 4 5 5 2 1
401 6055 4 4 3 4 4 4 3 2 1 1
402 6063 4 4 3 4 4 4 3 2 2 1
403 6063 3 2 4 5 4 4 3 4 2 1
404 6063 4 4 4 4 2 4 3 3 2 1
405 6078 4 5 3 3 4 4 2 3 2 1
406 8037 3 3 3 3 3 3 3 3 2 1
407 6063 4 5 5 5 4 5 3 3 2 1
409 6069 4 3 4 3 4 4 2 4 2 1
410 6067 4 4 3 4 2 2 1 4 2 1
411 6388 1 3 3 2 4 4 1 2 2 2
413 6061 4 3 4 3 3 4 2 2 1 1
414 6063 5 4 4 4 3 5 3 5 2 1
415 8021 5 4 4 5 4 5 4 4 2 1
416 6063 4 3 3 5 2 3 1 2 2 1
417 6067 5 4 5 5 5 5 3 5 2 1
419 6058 4 3 2 4 2 4 2 3 1 1
420 8060 4 2 2 2 4 5 1 1 1 1
421 6063 4 5 5 5 3 5 3 4 2 1
422 8062 4 3 3 3 4 4 3 3 2 1
423 6058 4 3 3 4 3 4 3 2 1 1
426 6069 2 2 4 1 4 4 1 3 2 1
428 6058 4 4 4 2 4 4 2 4 1 1
430 7096 4 4 4 3 3 4 3 3 1 1
431 6059 4 4 4 4 4 4 4 4 2 1
436 6069 4 2 5 2 3 4 1 3 2 1
437 6057 4 2 4 5 4 4 2 2 2 1
438 6059 1 1 1 1 1 1 1 1 2 1
439 7212 3 4 4 3 4 4 2 3 1 1
440 6069 5 5 5 4 5 5 5 5 2 1
441 7223 4 4 4 4 4 4 2 2 2 1
442 7114 4 5 3 4 2 4 2 2 1 1
445 6060 4 4 2 1 1 5 5 1 1 1
447 9992 3 2 2 2 1 3 1 1 2 4
450 8026 3 1 1 1 1 1 1 1 2 1
452 6057 4 4 4 4 4 4 4 4 2 1
454 6067 4 2 2 3 2 3 1 2 2 1
455 7354 4 4 4 3 5 5 1 4 2 4
456 6525 5 4 4 4 2 5 1 1 2 3
457 6066 4 4 4 4 3 4 3 2 1 1
458 6057 2 2 2 2 2 2 2 2 2 1
459 7096 3 3 4 3 3 3 2 2 1 1
461 7221 4 5 4 4 3 5 4 2 2 1
462 7096 4 3 2 5 4 5 1 1 1 1
465 6144 3 3 3 3 2 3 3 2 2 1
466 7103 4 4 4 3 4 4 1 2 2 1
467 6143 4 5 4 4 4 4 4 3 2 1
468 8046 3 1 2 3 4 2 1 2 2 1
469 7113 4 3 5 4 1 5 2 2 1 1
471 6149 1 1 1 1 1 1 1 3 2 1
472 8035 4 3 4 3 4 4 3 3 2 1
473 7114 5 5 5 5 5 5 1 5 1 1
474 6145 4 4 3 4 3 4 4 1 1 1
475 6142 2 2 1 5 4 5 1 4 2 1
477 6143 3 3 4 5 3 4 1 1 2 1
479 6147 1 1 1 1 4 1 1 4 2 1
480 6145 3 3 3 3 3 3 3 3 1 1
484 6148 4 3 4 4 2 4 3 5 2 1
485 6150 1 1 1 1 1 1 1 1 1 1
486 7238 4 3 5 4 1 4 2 2 1 2
487 6143 4 4 4 4 3 4 2 3 2 1
488 8043 3 3 4 3 4 3 3 1 2 1
489 6143 4 4 4 4 4 5 4 3 2 1
490 6148 2 3 4 4 2 3 1 1 1 1
491 6089 5 5 5 5 5 5 5 5 2 1
492 7113 4 2 3 4 2 4 2 2 1 1
493 8052 3 2 3 4 1 3 3 4 1 1
494 6086 2 1 3 2 1 1 1 4 1 1
495 6144 4 4 5 4 5 5 4 3 2 1
496 8013 4 4 4 4 2 4 3 4 2 1
497 7101 3 3 4 4 3 3 3 3 2 1
498 6148 1 1 1 1 1 1 1 1 1 1
499 6089 2 2 2 2 3 2 2 2 1 1
500 6143 5 5 5 5 5 5 2 1 2 1
501 6144 5 5 5 5 4 5 4 4 2 1
502 6441 1 3 4 3 1 3 1 1 2 3
503 6144 5 4 5 3 3 4 2 2 2 1
504 8030 1 1 1 1 5 1 1 3 1 1
507 6156 1 2 1 1 1 1 1 1 2 1
508 6147 4 4 4 5 3 5 3 3 2 1
509 6150 2 2 3 3 4 3 2 3 1 1
510 6142 4 4 4 4 3 4 4 2 2 1
512 7229 4 5 4 4 4 5 3 4 2 1
513 6142 3 3 3 3 3 3 3 2 2 1
515 6144 3 5 3 3 4 4 2 3 2 1
516 6144 4 5 4 5 4 5 3 5 2 1
517 6145 1 1 1 1 1 1 1 1 1 1
518 6154 4 5 5 4 4 4 5 3 2 1
519 6486 2 1 1 1 1 1 1 1 2 3
520 8043 4 3 3 3 3 4 3 3 1 1
521 7227 4 4 4 3 2 4 1 1 1 1
522 6146 3 2 3 3 3 2 2 2 2 1
523 6012 1 1 1 1 2 3 1 1 1 1
524 6144 4 4 5 3 4 5 3 3 2 1
525 6143 3 5 3 3 5 4 4 5 2 1
526 6147 5 5 5 5 5 5 2 4 2 1
527 8049 3 3 3 2 2 2 2 2 1 1
528 8030 3 2 2 3 2 3 2 2 2 1
529 6144 1 1 1 1 1 1 1 1 1 1
531 6144 4 3 2 2 3 4 2 2 2 1
534 8050 4 3 5 5 2 5 1 3 2 1
535 6445 4 4 4 3 4 4 3 4 2 3
537 6092 5 5 4 5 4 4 1 1 1 1
538 6089 5 5 5 5 5 5 5 5 2 1
539 8046 4 4 4 3 5 5 2 1 2 1
540 6088 3 2 2 4 4 3 1 1 1 1
541 6089 4 4 4 4 3 5 2 3 2 1
543 6085 4 4 4 4 3 5 3 5 1 1
545 6088 4 3 3 4 4 4 3 4 1 1
546 7222 1 1 1 1 3 2 1 3 1 1
547 6147 4 4 4 4 4 4 4 4 2 1
548 6150 4 3 4 4 2 3 2 3 1 1
549 8049 3 1 2 2 1 3 1 1 1 1
551 6088 5 5 5 5 4 5 3 3 2 1
555 6089 4 4 4 4 1 3 2 1 2 1
556 6090 5 5 5 5 3 5 3 2 1 1
557 8050 5 5 5 5 5 5 5 5 2 1
558 6088 1 1 1 1 1 1 1 1 1 1
560 6088 1 1 1 1 1 1 1 1 2 1
561 6088 3 3 4 4 3 4 2 3 1 1
562 7102 3 4 3 1 4 4 3 4 1 1
565 6150 3 3 3 3 1 4 3 3 1 1
566 6088 4 1 4 4 1 4 3 1 1 1
567 8030 3 3 3 4 1 2 1 2 2 1
569 7223 3 2 2 4 3 4 2 2 1 1
570 6145 3 4 2 2 3 3 1 3 1 1
571 6088 4 4 4 4 3 3 3 3 2 1
574 8035 5 2 4 5 2 4 1 2 2 1
575 6089 5 5 5 5 4 5 5 4 1 1
577 6087 2 3 4 2 3 4 3 2 2 1
578 7128 3 2 3 3 3 2 2 4 2 2
579 7102 4 3 3 2 3 2 1 3 1 1
580 6087 5 2 4 4 3 4 1 2 2 1
581 7100 1 1 1 3 4 4 1 1 1 1
582 6086 2 2 1 2 3 4 2 2 1 1
584 6087 5 5 5 5 5 5 5 3 2 1
585 8048 3 2 4 4 2 3 2 2 1 1
586 8049 3 3 3 3 3 3 3 3 1 1
587 8043 5 5 5 5 1 5 5 5 2 1
588 6085 4 3 3 3 3 3 3 3 1 1
589 6085 4 4 4 3 3 5 4 3 1 1
590 6087 4 2 4 5 2 4 2 3 2 1
591 6147 5 4 5 5 5 5 2 5 2 1
592 6085 5 5 5 5 5 5 1 1 1 1
593 7101 1 1 1 1 1 1 1 1 2 1
594 6503 5 5 5 5 5 5 5 4 2 3
595 6085 4 4 4 4 4 4 2 2 1 1
596 8054 2 2 2 2 1 2 2 2 2 1
597 7100 4 4 3 3 4 4 4 4 2 1
599 6085 4 4 5 5 5 5 4 5 1 1
600 7211 5 5 5 5 1 4 2 1 1 1
601 7102 4 4 2 5 1 3 1 3 1 1
602 6085 4 4 4 4 2 4 4 2 1 1
604 6087 4 4 4 4 4 4 3 3 2 1
606 6087 5 5 5 5 5 5 5 5 2 1
607 6455 1 1 1 1 1 1 1 1 1 3
608 6085 3 3 3 3 3 3 3 2 1 1
609 6088 1 1 1 1 5 5 1 5 2 1
610 6087 5 5 5 5 3 5 5 3 2 1
611 8030 3 2 1 3 2 3 1 1 2 1
612 7103 3 4 5 4 1 4 3 4 2 1
613 8051 1 1 1 5 1 4 1 4 2 1
614 6032 5 5 5 5 3 5 5 3 1 1
615 6129 5 5 5 5 4 5 3 3 2 1
616 8042 2 3 4 1 4 3 4 3 1 1
617 6031 3 4 4 5 2 5 2 3 1 1
618 6122 5 4 5 3 3 5 5 5 1 1
619 6025 5 5 5 4 4 4 2 2 2 1
620 6129 5 3 4 4 2 4 4 4 2 1
621 6006 5 5 4 5 5 5 4 4 2 1
622 6122 4 1 4 2 2 4 1 2 1 1
623 6052 3 3 3 3 2 3 2 2 1 1
624 8013 3 3 3 3 4 4 4 4 1 1
625 6026 3 3 3 3 3 3 3 3 1 1
627 6026 2 1 1 1 1 1 2 3 1 1
628 6029 3 3 3 3 3 3 3 1 1 1
630 6122 3 4 3 3 5 4 2 5 1 1
633 6129 2 2 4 2 2 4 2 1 2 1
634 6129 4 4 4 3 3 4 2 5 2 1
635 6025 2 2 1 3 1 3 1 2 2 1
636 6127 5 5 5 5 5 5 5 3 2 1
637 6129 1 1 1 1 4 3 1 1 2 1
638 6026 5 5 5 5 5 5 5 1 1 1
639 6122 3 3 3 3 4 3 4 3 1 1
640 6125 3 2 4 5 1 5 2 2 2 1
641 6129 3 3 4 5 5 5 5 5 2 1
642 6025 5 5 5 4 2 4 4 4 2 1
643 6127 5 5 5 5 3 5 5 4 2 1
644 6026 4 4 5 5 3 5 2 4 1 1
646 8030 2 2 2 2 1 3 1 1 2 1
647 6129 2 3 1 4 5 4 3 1 2 1
649 6122 5 5 3 5 3 4 2 2 1 1
650 6031 4 4 4 5 3 4 2 2 1 1
651 6026 3 1 3 1 4 1 1 5 1 1
652 6129 4 4 4 4 3 4 3 5 2 1
653 8007 3 3 3 3 3 3 3 3 2 1
654 6031 2 2 2 2 2 2 2 2 1 1
655 6030 1 1 1 1 1 1 1 1 1 1
656 8009 4 4 4 4 3 4 3 2 2 1
657 6025 1 1 1 1 1 1 1 1 2 1
658 6026 2 2 3 1 3 3 1 1 1 1
659 6026 2 2 2 4 1 2 2 2 1 1
660 7116 4 4 4 4 2 3 3 3 1 1
661 6147 5 5 5 5 5 5 2 3 2 1
663 8030 3 2 2 2 3 3 1 2 2 1
664 6122 3 2 1 4 3 4 1 1 1 1
665 6435 2 2 2 2 2 2 2 2 1 3
666 7112 1 1 1 1 1 1 1 1 1 1
667 6026 2 2 2 2 2 2 2 2 1 1
668 6026 3 4 3 4 3 4 2 3 1 1
669 8005 4 3 5 2 5 3 5 5 2 1
671 6026 2 3 5 3 2 4 1 2 1 1
672 8040 2 2 3 3 3 4 3 4 2 1
674 6026 2 3 3 3 3 3 3 3 1 1
676 8008 2 2 2 2 2 2 1 3 1 1
677 6031 1 1 1 2 1 1 1 1 1 1
678 6031 3 3 3 3 3 3 3 3 1 1
679 8029 3 3 3 3 3 3 3 3 1 1
681 6026 1 1 3 4 1 5 1 1 1 1
682 6026 1 1 1 1 1 1 1 1 1 1
683 8005 3 1 1 1 1 1 1 1 2 1
684 7218 2 2 2 2 2 2 2 2 2 1
685 6124 3 3 2 3 2 3 2 3 2 1
687 8007 2 3 2 3 1 1 1 1 2 1
688 6031 3 4 3 5 4 3 2 1 1 1
689 8029 1 1 1 1 3 4 1 1 1 1
690 8030 3 3 3 4 3 3 3 3 2 1
691 8009 4 2 2 4 2 3 2 1 2 1
694 8040 3 3 4 4 4 4 4 5 2 1
695 6027 5 3 4 4 2 4 1 3 2 1
696 6123 4 3 4 5 3 3 2 2 1 1
697 7224 3 4 3 2 4 4 2 3 1 1
698 6128 3 3 3 4 4 4 2 2 2 1
699 6668 3 3 1 1 1 3 1 1 1 4
700 6483 1 1 4 1 1 1 1 2 2 4
701 6123 1 1 1 1 5 1 1 1 1 1
702 6125 1 1 1 1 2 1 1 1 2 1
703 8030 4 2 4 3 4 4 2 3 2 1
704 6124 5 5 5 5 5 5 5 5 2 1
705 6028 4 4 4 4 3 4 2 3 2 1
706 6124 4 2 4 4 3 4 1 1 2 1
707 8013 4 4 4 4 3 4 3 4 2 1
709 6124 1 1 1 1 2 1 1 1 2 1
710 8045 4 4 3 3 4 4 3 4 2 1
711 6124 1 1 1 1 3 2 1 1 2 1
712 6981 2 2 3 2 3 2 2 3 2 4
714 6127 3 3 3 3 3 3 3 3 1 1
715 6030 3 4 4 5 2 4 2 2 2 1
716 8005 2 1 1 1 1 3 2 3 2 1
717 6123 2 2 2 3 2 3 2 2 1 1
720 6559 1 1 1 1 1 1 1 1 1 3
721 6027 2 2 4 2 4 2 4 2 2 1
722 6028 3 4 4 4 2 4 1 1 2 1
723 6124 4 4 3 4 3 4 2 3 2 1
727 8040 3 4 4 3 4 4 4 4 2 1
728 7118 4 3 4 5 2 4 1 3 2 1
729 7093 5 5 5 5 5 5 4 5 2 1
730 7094 4 3 4 3 4 3 4 4 2 1
731 8007 3 2 4 3 2 3 2 2 2 1
733 7094 3 3 3 4 3 3 2 2 1 1
734 6132 4 2 4 3 4 2 2 4 1 1
735 6135 2 2 2 1 3 4 2 1 2 1
736 6049 4 3 2 3 1 3 1 1 2 1
737 6049 4 3 3 2 3 4 4 3 1 1
738 6050 5 5 5 5 5 5 5 5 1 1
739 6049 5 3 4 5 5 5 2 3 2 1
740 6049 5 5 5 5 1 4 5 3 1 1
741 6049 5 5 5 5 3 5 5 5 2 1
742 6128 5 3 4 5 5 5 2 3 2 1
743 6446 1 1 1 1 1 1 1 1 1 3
744 6049 5 1 5 3 2 5 4 5 1 1
746 6051 1 1 1 3 1 3 1 1 1 1
747 6625 3 3 3 3 3 3 3 4 1 3
748 8041 4 3 2 4 4 2 2 3 2 1
749 6051 4 4 4 4 2 4 2 2 2 1
750 6049 5 4 4 4 4 4 3 4 1 1
753 8010 5 4 3 4 2 5 5 3 1 1
754 8214 3 2 2 3 1 4 1 2 1 3
755 6053 4 4 4 -999 3 4 5 3 2 1
757 7219 4 4 4 4 3 4 2 2 1 1
758 7095 1 1 1 1 3 1 1 1 1 1
759 7095 4 4 4 4 4 4 4 4 1 1
760 7095 4 4 2 2 1 4 1 1 1 1
762 6037 4 3 5 5 3 5 4 4 2 1
763 6037 1 1 1 1 5 1 1 3 2 1
764 6054 1 1 1 2 1 2 2 1 1 1
765 6054 5 5 5 5 5 5 1 1 1 1
766 6054 4 1 4 2 5 5 1 3 1 1
767 6054 5 5 5 5 2 5 3 4 1 1
768 7088 4 4 3 4 3 5 1 1 1 1
771 8015 2 5 2 4 1 5 1 1 2 1
772 8029 1 1 1 1 5 2 1 5 1 1
773 6054 5 5 5 5 5 5 1 1 1 1
774 7228 4 4 5 3 5 5 3 1 2 1
775 7095 2 2 2 2 3 2 2 2 1 1
776 8029 1 1 1 1 1 1 1 1 1 1
779 6054 2 2 3 3 4 4 2 2 1 1
781 6053 1 1 1 1 1 1 1 1 2 1
782 7111 5 5 5 5 4 5 4 4 1 1
783 6054 1 1 5 5 5 5 1 5 1 1
784 6053 3 2 4 2 5 5 4 1 2 1
785 7095 4 4 4 5 4 5 5 5 1 1
786 6054 4 3 3 4 3 4 2 2 1 1
787 7091 4 3 4 4 4 4 4 4 1 1
788 6054 1 1 1 1 1 1 1 1 1 1
791 6132 2 2 2 2 2 2 2 2 1 1
792 6130 4 4 2 3 4 5 3 3 1 1
794 6133 3 3 3 2 4 4 2 3 2 1
796 6131 2 2 2 2 1 1 1 1 1 1
797 6461 2 1 1 1 1 1 1 1 1 3
798 6132 4 2 2 5 1 3 1 1 1 1
800 7100 4 3 5 4 5 5 3 5 1 1
801 6132 1 1 4 1 2 3 2 1 1 1
802 6130 3 3 3 3 3 3 3 3 2 1
803 7110 4 4 4 4 5 4 4 3 1 1
804 6083 4 4 4 3 4 4 2 3 2 1
805 7094 4 3 3 4 4 4 4 3 1 1
806 8040 4 3 4 4 4 4 2 2 2 1
807 6131 4 4 3 1 3 4 2 2 2 1
808 7103 3 3 4 4 5 5 3 3 1 1
809 8029 2 3 3 4 1 4 2 1 1 1
810 6135 4 5 2 5 5 5 2 3 2 1
812 8011 5 5 5 5 5 5 5 5 2 1
813 7103 5 5 5 5 5 5 4 2 2 1
814 6136 3 2 3 2 4 4 2 1 1 1
816 6134 4 5 3 2 4 2 1 3 2 1
818 6003 1 1 4 4 5 5 5 5 2 1
819 7118 5 4 4 5 4 5 3 3 2 1
820 6131 2 2 3 3 4 4 2 2 1 1
821 7103 2 1 1 1 2 1 1 1 1 1
822 6130 4 5 5 5 1 2 3 3 1 1
823 6134 3 2 3 2 3 3 2 3 2 1
825 8007 5 3 3 5 1 2 1 2 2 1
826 7229 1 1 1 1 1 1 1 1 2 1
827 8029 4 4 4 5 3 5 2 2 1 1
828 6132 4 4 4 3 2 5 3 4 1 1
830 6130 1 1 1 1 1 1 1 1 1 1
831 7091 2 2 2 2 2 2 2 3 2 1
832 7091 1 1 1 1 1 3 1 1 1 1
833 6040 5 4 5 5 4 4 5 5 1 1
834 7091 3 2 2 2 2 2 2 2 1 1
835 6081 4 4 4 4 4 3 1 1 1 1
836 8029 5 5 5 4 3 5 5 4 2 1
839 7091 4 4 4 3 2 2 2 3 2 1
840 6081 4 3 4 4 1 4 1 2 1 1
841 6081 3 4 2 1 3 4 1 1 1 1
842 7115 4 4 4 4 4 4 1 4 1 1
843 6084 3 3 3 3 3 3 3 3 1 1
844 6081 1 1 1 1 3 1 1 1 1 1
845 8013 2 2 2 2 2 4 1 1 1 1
846 6084 4 5 3 3 4 5 1 1 1 1
847 6081 4 5 5 5 3 4 3 2 1 1
848 7091 4 4 2 2 4 4 2 4 2 1
849 7091 3 3 4 1 5 1 1 5 2 1
850 6141 3 3 3 3 4 4 2 2 1 1
851 8089 4 4 4 2 4 4 4 4 2 2
852 7334 4 4 4 3 2 4 3 2 2 1
853 7091 5 4 5 5 5 5 4 4 2 1
856 8042 5 5 5 5 3 5 4 4 2 1
858 7091 1 1 1 1 2 5 1 1 1 1
859 6161 3 3 3 3 3 3 3 3 1 1
860 6084 3 3 3 3 1 4 1 3 1 1
861 6084 2 3 2 3 1 3 1 1 1 1
862 6093 5 5 5 5 5 5 5 5 2 1
863 7091 1 1 1 1 1 1 1 1 2 1
865 6083 1 1 3 2 5 3 1 2 2 1
866 6082 5 5 5 5 5 5 5 4 2 1
867 6083 5 4 5 2 3 5 2 3 2 1
868 6150 4 3 4 4 2 3 2 2 1 1
869 7115 4 4 4 3 3 3 4 4 1 1
870 6082 1 1 1 1 1 1 1 1 2 1
871 6082 4 5 4 5 4 4 4 4 2 1
872 8015 3 1 2 2 1 3 1 2 2 1
873 7091 4 3 4 4 1 4 1 3 2 1
874 6036 1 1 1 1 1 1 1 1 1 1
875 6041 5 5 5 5 1 5 3 3 2 1
876 6553 4 5 3 3 3 5 2 1 1 3
877 8029 3 3 3 4 1 4 1 1 1 1
878 6034 5 5 5 5 1 5 5 5 1 1
879 6041 2 2 3 2 2 2 3 2 1 1
880 6036 4 4 4 3 5 4 3 4 1 1
882 6036 4 4 3 4 4 4 2 3 1 1
884 6036 3 2 2 2 3 3 1 2 1 1
885 6034 3 3 3 3 3 3 3 3 2 1
886 6041 1 1 1 1 1 1 1 1 1 1
887 6508 4 4 4 4 2 5 3 4 2 3
889 6036 4 3 4 4 3 4 2 3 1 1
890 6041 3 3 3 3 3 3 3 3 2 1
891 8010 1 1 1 1 1 1 1 1 1 1
892 6036 3 4 2 2 3 4 2 1 1 1
893 8030 3 1 3 3 3 3 1 3 2 1
894 6036 4 5 4 5 4 4 4 4 1 1
895 6041 3 3 4 3 3 5 3 3 2 1
896 6041 3 3 3 3 2 4 2 2 2 1
897 6038 4 4 5 4 1 5 3 5 2 1
898 6036 3 2 2 3 3 2 2 3 1 1
899 6041 2 2 2 2 2 2 2 2 1 1
900 6041 3 3 3 4 2 3 2 3 1 1
901 6640 2 2 2 2 2 2 2 2 1 3
902 6041 4 4 4 4 4 4 2 4 1 1
903 6041 1 1 1 1 4 1 1 1 1 1
904 8032 4 3 2 3 3 4 2 1 2 1
905 8029 4 5 5 5 3 4 2 3 2 1
906 8029 4 3 4 4 4 5 2 3 1 1
907 8033 3 2 1 3 4 1 1 3 1 1
908 6047 5 5 5 5 4 2 1 3 2 1
909 8030 3 2 2 4 1 3 4 5 2 1
911 6041 1 2 1 2 2 4 1 1 2 1
912 6041 3 3 4 4 4 4 4 3 2 1
913 6038 3 2 4 4 1 4 1 1 2 1
915 7104 4 4 5 5 5 5 5 5 1 1
916 6095 5 5 5 5 3 5 4 3 1 1
917 6441 1 1 1 1 1 1 1 1 1 3
921 6094 1 1 1 4 2 5 1 2 1 1
922 6095 1 1 1 1 1 1 1 1 1 1
930 6011 4 4 4 4 4 4 1 1 2 1
931 7226 4 4 4 4 4 4 4 4 1 1
932 6004 5 5 5 5 5 5 5 5 1 1
933 6012 4 5 5 3 2 5 2 1 2 1
934 7213 4 4 4 4 3 4 3 2 1 1
936 6004 4 4 3 5 2 3 4 2 1 1
937 7087 3 2 2 5 2 5 1 1 1 1
938 6017 3 4 4 4 3 3 1 1 2 1
940 6008 3 4 4 3 2 3 3 3 2 1
942 6012 2 1 1 2 2 3 1 1 2 1
943 8162 1 1 1 1 1 1 1 1 1 3
944 7087 3 1 4 2 5 2 1 1 1 1
946 6011 2 4 5 2 5 5 3 2 2 1
947 6012 4 3 5 4 3 4 1 2 2 1
949 6004 4 4 4 4 3 4 3 3 1 1
950 6011 3 3 4 4 3 3 2 4 2 1
951 6010 5 5 5 5 4 5 4 4 2 1
953 6010 4 3 4 2 2 4 3 4 1 1
958 6004 3 3 4 3 5 4 1 4 1 1
959 6010 2 2 3 2 5 4 2 3 1 1
960 6008 3 4 1 3 2 3 4 3 2 1
964 7111 3 3 3 4 4 2 3 2 1 1
965 7087 4 3 3 4 3 5 3 3 1 1
967 6011 4 3 4 4 5 4 1 3 2 1
968 6001 4 3 3 3 3 3 3 3 2 1
971 6003 1 1 1 1 1 1 1 1 2 1
974 7086 4 3 1 4 1 3 1 1 1 1
975 6002 4 4 4 4 4 4 4 2 1 1
976 7086 2 1 4 4 1 5 2 4 2 1
978 6006 4 3 4 4 4 5 2 3 2 1
982 6006 4 4 3 5 4 5 3 2 2 1
983 7273 5 3 5 5 2 5 2 5 2 4
984 7086 1 1 1 1 4 2 1 1 2 1
985 6006 4 5 4 5 1 5 5 1 2 1
986 7104 3 3 3 3 3 3 3 3 1 1
991 7087 4 4 3 3 3 3 2 2 1 1
993 6540 2 2 5 2 5 5 1 1 2 3
995 7087 1 1 1 1 1 1 1 4 1 1
997 6006 2 3 2 2 2 2 2 2 2 1
998 6003 4 3 4 1 1 3 1 1 2 1
999 6120 4 4 4 2 4 4 4 3 2 1
1000 6115 4 4 4 4 4 5 3 2 2 1
1001 8036 3 3 3 2 3 3 3 3 1 1
1002 6004 3 4 2 3 2 4 2 3 1 1
1003 7087 4 4 4 5 3 4 2 4 1 1
1004 6002 4 4 4 4 5 4 5 4 1 1
1006 6120 4 2 4 4 1 3 1 1 2 1
1008 7213 4 4 4 3 3 4 3 2 2 1
1009 6120 4 3 4 4 1 4 2 5 2 1
1010 6011 3 3 4 4 3 5 3 3 2 1
1011 7114 4 3 2 4 3 5 1 2 2 1
1012 7085 4 4 4 4 4 4 2 2 1 1
1013 6117 4 4 4 4 4 4 3 3 1 1
1014 7216 4 5 5 5 3 5 2 2 1 1
1015 7087 2 2 3 1 3 3 1 3 1 1
1017 6120 5 5 5 5 5 5 4 5 2 1
1018 6117 2 2 2 2 3 2 2 3 2 1
1020 7087 5 5 5 5 4 5 3 2 1 1
1024 7213 4 1 4 4 3 4 4 1 2 1
1025 7217 3 5 4 2 4 4 2 4 2 1
1026 7085 3 4 3 4 4 4 2 1 1 1
1028 7087 3 3 3 3 3 3 3 3 1 1
1029 7087 3 3 4 4 3 3 2 3 1 1
1030 6120 4 4 3 2 2 4 1 1 2 1
1031 6531 4 2 3 5 1 5 1 1 2 3
1033 7216 4 4 4 3 2 3 2 2 1 1
1034 6002 4 4 5 5 4 4 1 2 1 1
1035 7107 4 4 3 4 3 4 2 1 2 1
1036 6005 4 4 4 5 2 4 4 5 2 1
1040 7310 3 4 5 5 5 5 3 5 1 4
1041 6114 4 4 4 4 4 4 4 4 1 1
1043 6118 2 2 3 3 3 4 2 2 1 1
1044 6118 4 3 4 3 3 4 4 3 1 1
1046 6116 3 4 3 2 2 4 3 3 2 1
1049 6115 4 2 4 3 4 4 2 3 2 1
1050 6119 5 3 5 2 5 5 4 4 2 1
1051 6116 5 5 5 4 5 5 5 4 2 1
1052 6118 1 1 1 1 1 1 1 1 1 1
1053 6119 2 2 2 2 4 3 2 3 2 1
1054 6116 3 4 3 2 3 5 1 1 2 1
1055 7107 3 4 4 4 4 5 2 2 2 1
1056 7109 2 3 3 3 2 4 3 3 1 1
1057 7262 4 3 4 4 1 4 1 1 1 2
1058 7281 1 1 1 1 1 1 1 1 1 3
1059 6116 5 5 5 5 4 5 2 5 2 1
1061 6118 1 5 5 4 5 3 5 5 1 1
1062 7172 4 4 4 4 2 4 3 2 1 4
1063 7118 4 3 4 4 2 4 3 4 2 1
1065 6039 4 3 3 4 4 4 3 4 2 1
1067 7110 4 3 2 4 1 4 2 2 1 1
1068 6115 2 1 1 4 2 5 1 4 2 1
1070 6003 4 4 4 3 3 4 4 3 2 1
1073 7109 5 5 4 5 2 5 3 2 1 1
1075 7213 4 4 4 4 2 4 3 2 2 1
1077 6119 4 3 4 3 5 5 3 4 2 1
1078 6118 1 1 1 1 1 1 1 1 1 1
1079 6018 5 5 5 3 3 5 2 4 2 1
1080 6021 4 4 5 5 3 5 4 3 2 1
1081 6021 3 4 3 2 2 5 3 1 2 1
1082 6018 4 4 4 4 4 4 2 2 2 1
1084 8207 2 1 1 1 1 1 1 1 1 4
1085 6021 4 4 4 4 3 4 2 2 2 1
1086 6013 4 4 3 4 3 4 4 3 2 1
1087 6020 4 3 5 4 4 4 2 3 2 1
1088 7164 3 4 5 4 4 2 3 5 1 3
1090 6015 4 4 3 2 3 3 3 2 1 1
1091 7088 4 4 4 4 4 4 1 1 1 1
1092 6018 5 3 5 5 5 5 1 4 2 1
1093 6013 4 3 2 3 1 1 3 4 1 1
1094 7109 3 3 3 2 3 2 3 4 1 1
1095 6015 3 4 3 3 3 3 4 1 1 1
1096 6013 1 1 1 1 1 1 1 1 1 1
1097 8112 4 3 3 4 3 4 3 3 1 2
1098 6014 3 4 2 1 2 4 1 3 1 1
1099 6021 4 2 4 4 5 5 5 5 2 1
1100 8001 5 4 4 4 3 4 4 3 1 1
1101 6013 3 3 3 2 5 4 1 2 2 1
1103 6013 3 3 3 3 3 3 3 3 1 1
1104 6016 2 2 2 2 2 2 2 2 1 1
1105 6020 4 4 4 4 4 5 5 5 2 1
1107 6143 5 4 2 5 4 5 1 3 2 1
1109 7088 2 2 1 4 3 1 1 1 1 1
1111 6016 4 5 5 5 3 5 4 3 1 1
1112 7225 2 1 2 2 2 3 1 1 1 1
1114 6013 4 4 4 4 4 4 4 4 1 1
1116 6015 5 5 5 5 5 5 5 5 1 1
1117 6016 5 5 4 5 3 4 4 5 2 1
1118 6014 4 4 4 4 4 4 4 4 2 1
1119 6017 2 2 2 4 4 5 3 5 2 1
1120 8003 2 2 2 2 2 2 1 2 2 1
1121 6021 4 4 5 5 4 5 3 3 2 1
1123 6015 3 3 3 3 3 3 3 3 1 1
1124 8036 1 1 1 1 1 1 1 1 1 1
1125 6021 4 3 5 3 3 4 2 4 2 1
1126 6018 3 2 4 4 3 2 2 1 2 1
1127 6021 4 4 4 4 3 4 3 4 2 1
1128 8039 5 5 5 5 4 5 5 2 2 1
1129 6016 4 3 4 3 3 5 2 2 2 1
1130 8003 2 2 2 2 2 2 2 2 1 1
1131 6013 4 4 5 5 2 4 4 5 2 1
1133 7088 4 4 4 4 5 5 4 3 1 1
1134 6015 5 5 5 5 5 5 1 1 1 1
1135 6015 4 4 4 4 2 4 5 5 1 1
1136 6021 4 5 5 3 1 4 5 5 2 1
1138 8039 5 3 5 4 4 5 4 2 2 1
1139 6013 1 1 1 1 1 1 1 1 1 1
1140 6021 5 5 5 5 5 5 2 2 1 1
1141 6021 3 3 3 3 4 4 3 3 1 1
1143 6540 1 1 1 3 5 5 1 2 2 3
1144 6014 3 2 4 3 2 4 2 4 2 1
1145 6021 3 2 4 3 3 3 2 4 1 1
1148 6019 5 3 3 4 4 5 1 2 2 1
1149 6635 3 3 3 2 3 4 1 3 1 3
1150 7118 4 2 3 2 3 4 1 1 2 1
1151 7213 5 4 4 4 3 5 3 3 2 1
1152 6021 3 4 1 4 1 4 1 1 1 1
1153 6021 4 2 2 3 2 5 3 4 1 1
1155 7213 3 3 3 3 4 4 3 4 2 1
1156 6021 4 3 4 4 4 4 2 3 2 1
1157 7213 4 4 4 5 3 5 2 2 1 1
1158 8002 3 4 4 5 2 4 3 3 2 1
1159 6020 4 3 4 5 5 3 1 1 2 1
1160 6013 1 1 1 5 5 5 5 5 2 1
1161 6021 2 2 3 4 4 3 2 2 1 1
1162 8003 4 5 5 4 5 4 3 4 2 1
1164 6014 5 4 4 3 1 3 2 2 2 1
1165 7281 4 4 3 3 5 4 4 1 1 3
1166 6056 3 3 3 3 3 3 3 3 2 1
1167 7088 2 2 1 1 2 2 2 1 1 1
1168 6802 5 3 5 2 4 4 2 2 2 3
1169 6020 4 3 4 5 2 3 2 4 1 1
1170 6017 5 5 5 5 5 5 5 3 2 1
1173 7358 3 3 3 3 3 3 3 3 1 1
1174 6118 3 3 3 3 2 3 2 2 1 1
1177 7109 3 3 4 3 2 2 2 2 1 1
1178 6017 4 4 5 4 3 4 4 4 2 1
1179 6014 1 1 2 3 1 2 1 1 1 1
1180 6014 4 4 4 3 3 4 2 3 2 1
1185 7213 5 5 5 2 4 5 5 5 2 1
1187 8060 2 2 2 2 2 2 2 2 1 1
1188 7107 3 3 3 4 3 4 4 2 2 1
1193 6094 1 1 1 1 3 4 2 1 1 1
1197 6005 4 4 4 4 3 4 2 2 2 1
1201 6095 4 1 2 3 3 4 1 3 1 1
1202 6096 2 2 5 1 5 1 5 5 2 1
1203 8057 3 2 2 2 2 3 2 2 2 1
1204 7280 4 3 3 2 5 4 1 1 2 3
1205 7086 2 2 4 2 4 4 1 3 2 1
1209 7216 5 5 4 4 3 5 2 3 2 1
1211 7228 4 4 4 4 2 4 2 1 2 1
1212 7174 4 2 2 1 2 2 2 1 2 4
1214 6095 4 4 4 4 4 4 4 4 1 1
1215 7087 2 4 1 5 2 4 1 1 1 1
1217 6095 1 2 2 2 2 2 2 2 1 1
1220 6095 2 2 2 3 5 3 4 5 1 1
1222 6004 1 1 3 3 2 2 2 3 1 1
1223 6094 4 2 5 3 4 3 2 4 1 1
1225 6006 4 3 4 5 3 4 1 1 1 1
1227 6529 4 5 5 5 3 4 5 2 2 3
1228 6005 5 4 5 5 3 4 3 1 2 1
1229 6095 4 5 4 4 4 5 3 3 1 1
1230 7172 1 1 1 2 3 1 1 1 1 4
1232 6095 1 1 1 1 1 1 1 1 1 1
1248 6138 3 4 3 3 2 4 2 3 2 1
1249 7090 3 4 4 4 5 5 5 5 2 1
1250 7102 5 5 5 5 5 5 5 5 1 1
1251 7103 4 4 3 4 5 5 3 3 1 1
1252 7113 3 1 1 2 3 3 1 1 1 1
1254 7215 4 1 1 3 1 2 1 1 2 1
1255 7118 4 4 4 4 2 5 3 3 2 1
1256 7103 5 5 4 2 2 5 1 4 2 1
1259 7105 4 4 4 4 3 5 4 2 2 1
1260 6158 2 1 2 3 2 3 3 4 1 1
1261 6126 5 5 4 3 3 5 1 2 2 1
1263 6129 5 4 5 4 2 5 2 4 2 1
1265 6086 2 2 2 2 2 2 2 2 1 1
1267 7101 5 5 5 5 3 5 3 4 2 1
1268 7103 2 4 3 5 3 5 4 3 1 1
1269 6128 5 3 4 1 3 5 2 2 2 1
1270 6086 5 4 4 4 2 5 4 4 1 1
1271 6128 5 5 5 5 5 5 5 4 2 1
1272 7101 2 4 4 5 5 4 5 5 2 1
1273 6147 4 3 4 4 3 3 3 2 2 1
1277 7118 3 2 5 4 5 5 1 1 2 1
1279 6147 4 4 4 2 4 3 2 4 2 1
1280 6158 4 4 4 4 3 4 3 3 1 1
1281 7218 1 1 1 1 3 1 1 1 1 1
1283 6132 3 3 3 4 3 4 2 2 1 1
1285 6138 3 2 4 5 3 2 2 2 2 1
1286 6033 4 3 4 4 2 4 1 3 2 1
1289 6153 4 4 2 5 3 4 2 2 1 1
1290 6092 3 3 3 3 4 4 1 1 1 1
1292 7086 1 1 1 1 2 1 1 1 1 1
1293 7213 4 2 2 5 1 3 1 2 1 1
1298 6141 3 1 1 1 1 1 1 1 1 1
1299 7216 4 4 4 4 4 4 2 2 2 1
1301 7214 5 5 5 5 4 5 3 3 2 1
1303 7118 4 2 3 4 2 3 1 5 2 1
1305 6156 4 4 4 4 4 4 4 4 2 1
1306 6155 4 4 4 4 4 4 4 4 2 1
1307 6004 4 4 4 4 3 4 2 2 1 1
1311 6136 4 2 3 4 5 5 2 1 1 1
1312 6103 3 3 3 3 3 3 3 3 1 1
1318 8052 1 1 1 1 1 1 1 1 1 1
1319 6120 5 5 5 5 4 5 3 4 2 1
1320 6111 2 1 3 4 4 4 3 3 1 1
1321 6608 4 4 5 5 5 5 4 5 1 4
1324 6012 1 1 1 1 3 3 1 3 1 1
1325 6009 2 2 2 3 3 3 2 2 1 1
1328 6045 4 1 4 1 3 4 1 1 2 1
1331 6005 4 4 3 5 2 4 1 1 2 1
1333 7115 4 4 3 5 3 5 1 1 1 1
1334 6043 4 3 3 5 1 4 2 1 1 1
1335 7087 3 1 1 1 1 1 1 1 1 1
1336 7228 3 3 4 4 5 4 4 3 2 1
1337 6120 4 4 4 3 4 5 2 1 2 1
1338 6021 3 3 3 3 3 3 3 3 1 1
1339 6043 4 2 5 2 4 5 5 3 2 1
1340 7088 4 4 4 4 4 4 4 4 1 1
1341 6004 1 4 4 2 1 1 1 3 1 1
1342 6018 3 2 2 3 4 4 2 3 2 1
1347 6043 5 4 5 5 4 5 5 2 2 1
1349 7219 4 3 4 5 3 4 1 2 1 1
1350 6114 1 1 1 1 1 1 1 1 1 1
1351 6007 4 4 4 2 1 3 3 1 1 1
1353 6110 5 5 5 5 4 5 4 3 2 1
1354 6688 5 4 5 5 5 5 5 4 1 3
1355 6121 3 2 3 3 2 3 3 3 2 1
1356 7109 4 4 4 4 3 4 2 2 1 1
1359 7105 2 2 2 4 5 5 2 1 2 1
1360 6098 4 3 4 4 4 5 2 4 2 1
1361 7105 2 1 1 1 1 3 1 1 2 1
1362 6083 3 3 3 3 3 3 3 3 2 1
1363 6117 1 1 1 1 4 3 1 1 1 1
1365 6312 2 2 1 2 1 1 1 1 1 2
1366 6005 4 5 4 4 3 5 3 2 2 1
1371 6097 3 4 4 4 5 3 2 1 1 1
1372 6097 2 3 2 2 3 3 2 4 1 1
1373 6038 5 5 5 5 5 5 5 5 2 1
1375 7216 2 3 1 3 1 1 1 1 1 1
1376 6099 1 1 1 1 1 1 1 1 1 1
1378 7216 3 4 2 3 5 4 4 1 2 1
1379 7105 2 2 2 2 2 4 2 1 2 1
1380 6045 2 2 2 2 1 1 1 1 2 1
1381 6096 4 4 4 3 4 3 2 3 2 1
1382 6097 3 3 4 3 4 4 4 4 1 1
1384 7087 2 2 2 4 1 3 2 1 1 1
1385 7086 4 2 1 5 2 5 3 1 1 1
1387 6035 5 4 1 5 3 3 3 2 1 1
1388 7104 5 4 4 4 4 4 3 4 1 1
1389 6082 4 4 4 2 1 5 2 2 2 1
1391 6129 3 3 3 3 2 3 2 1 2 1
1392 7272 4 3 3 2 5 4 3 4 2 3
1393 9993 5 5 5 4 3 5 2 3 2 4
1394 6094 4 4 3 3 4 4 5 4 2 1
1398 6133 4 4 4 4 4 4 3 5 2 1
1400 6195 4 5 5 5 3 4 4 3 1 2
1401 7119 3 3 2 3 3 3 1 1 1 2
1402 7122 2 2 2 4 2 5 2 3 1 2
1403 6185 3 3 4 3 5 4 1 3 1 2
1404 6194 4 3 2 3 3 4 1 2 2 2
1405 6196 4 4 5 4 4 5 1 3 2 2
1406 8074 2 2 1 3 1 1 1 1 1 2
1407 6194 3 3 2 2 3 2 2 2 1 2
1408 6196 2 5 4 2 4 5 1 1 2 2
1409 6170 1 1 1 1 2 1 1 3 2 2
1410 6197 3 1 3 4 3 4 2 3 1 2
1412 6196 2 2 3 3 3 3 2 3 2 2
1413 6199 3 4 4 3 2 4 2 2 2 2
1414 7122 4 4 4 4 3 4 3 4 2 2
1415 6196 3 3 3 3 2 4 3 3 2 2
1416 6196 4 3 3 3 4 4 1 1 1 2
1418 6195 1 1 1 1 1 1 1 1 1 2
1419 6196 4 4 4 5 1 4 2 1 2 2
1420 6195 1 1 1 1 1 1 1 1 1 2
1421 7126 5 4 4 4 3 4 4 3 2 2
1423 6196 4 5 4 4 1 5 1 3 1 2
1424 6196 4 4 5 5 5 5 2 4 2 2
1426 7123 1 1 1 1 5 3 3 4 1 2
1427 6195 1 4 4 3 5 3 3 1 1 2
1429 6194 3 3 3 2 2 3 2 3 2 2
1431 8075 2 1 1 1 1 1 1 1 2 2
1432 6197 1 1 1 1 1 1 1 1 1 2
1433 6196 4 4 4 5 4 4 1 2 1 2
1434 6435 5 4 5 5 4 5 4 2 2 3
1436 7237 5 5 5 5 4 5 5 5 2 2
1437 6186 4 4 4 4 3 5 3 3 2 2
1438 7233 5 5 5 5 5 5 5 5 2 2
1439 6192 4 5 5 4 5 5 2 4 2 2
1440 6192 3 3 2 3 3 4 2 3 2 2
1443 6192 4 4 4 4 4 4 4 4 2 2
1444 6193 5 5 5 5 5 5 4 3 2 2
1445 6188 3 3 4 3 3 3 3 3 2 2
1446 7121 4 4 3 3 5 4 2 3 1 2
1447 6193 2 2 2 2 2 3 3 2 2 2
1448 6190 4 4 2 4 2 4 1 1 1 2
1449 6193 3 2 4 2 1 3 1 1 2 2
1450 8085 2 2 2 3 1 1 1 1 2 2
1451 6192 5 5 5 5 1 5 4 4 2 2
1452 6193 2 3 1 1 1 4 1 1 2 2
1453 6187 4 4 4 4 4 4 4 4 1 2
1454 7121 5 5 5 5 5 5 5 3 1 2
1455 7312 3 1 2 3 2 4 2 2 1 4
1456 6187 5 2 3 5 5 5 2 3 1 2
1457 6003 1 1 1 1 4 4 1 1 2 1
1459 8077 3 3 3 3 2 4 3 4 2 2
1460 6186 1 1 1 2 1 1 1 1 2 2
1461 6192 2 2 2 2 3 3 1 3 2 2
1462 6186 4 3 4 4 2 4 2 1 2 2
1463 7307 4 2 1 1 1 1 1 1 1 4
1464 6187 1 1 1 1 1 1 1 1 1 2
1466 6190 4 5 4 4 4 5 2 3 1 2
1467 8073 2 4 1 4 5 4 3 4 1 2
1468 7232 2 1 1 1 1 3 1 1 2 2
1470 6172 4 4 3 3 5 3 2 4 1 2
1471 7013 4 3 4 2 5 5 3 2 1 3
1472 6187 5 5 5 5 5 5 5 3 1 2
1473 8085 5 5 5 5 3 5 2 3 2 2
1474 6192 4 2 4 2 3 4 2 5 2 2
1475 7320 4 5 4 4 3 4 3 2 2 3
1476 6192 4 3 4 4 3 4 2 1 2 2
1477 8069 2 2 2 2 2 2 2 2 1 2
1478 7213 3 3 4 3 2 4 2 1 2 1
1479 8077 4 3 1 4 1 3 1 1 2 2
1480 8076 3 1 1 1 1 1 1 1 1 2
1481 7129 4 3 4 3 4 4 2 3 1 2
1482 8067 3 3 4 3 2 4 2 2 1 2
1483 8069 1 1 1 1 3 1 1 1 2 2
1484 7119 1 1 1 1 3 2 1 1 1 2
1485 6178 2 2 2 2 3 3 2 4 1 2
1486 7119 3 3 3 3 3 3 3 3 1 2
1487 8072 5 3 5 5 1 3 2 2 1 2
1488 8090 2 3 3 4 3 4 2 3 2 2
1489 6179 4 3 4 3 2 3 3 3 1 2
1490 6181 2 2 2 2 1 2 1 1 1 2
1491 6182 3 3 4 4 2 3 3 4 2 2
1492 6182 5 5 5 5 4 5 4 4 2 2
1493 6183 2 2 2 3 1 3 3 1 1 2
1495 8070 5 5 5 5 5 5 5 5 1 2
1496 6181 3 4 3 4 3 2 2 1 1 2
1497 9009 1 3 3 4 2 3 1 3 2 2
1499 6182 4 4 5 5 2 4 4 2 2 2
1500 6183 3 3 3 3 3 4 3 2 2 2
1501 6181 3 3 3 4 1 3 2 1 1 2
1502 8069 2 2 2 2 2 2 2 2 2 2
1503 6181 5 5 5 5 2 5 2 3 1 2
1504 7231 2 2 4 3 5 4 4 5 2 2
1505 6992 4 3 3 3 5 4 2 3 1 3
1506 6181 2 3 2 1 1 2 1 1 1 2
1507 6183 4 4 4 4 4 4 2 2 2 2
1508 7232 3 3 3 3 3 3 3 3 2 2
1509 6179 4 3 1 2 2 3 2 3 1 2
1510 8073 1 1 1 1 1 1 1 1 1 2
1511 6183 2 2 2 2 2 2 2 2 1 2
1512 6181 5 5 5 5 4 5 5 5 1 2
1513 6179 4 3 3 5 2 4 3 1 1 2
1515 7124 3 4 2 4 3 4 2 2 1 2
1516 6207 4 4 4 4 4 4 4 3 2 2
1517 6206 5 2 5 4 3 4 2 4 1 2
1518 6204 3 4 4 4 1 4 1 1 1 2
1519 9008 2 2 2 2 1 3 1 1 2 2
1520 6202 1 3 1 2 1 2 1 1 2 2
1521 6206 3 4 4 4 3 4 3 2 1 2
1522 8083 2 3 2 4 1 5 1 3 2 2
1523 6203 2 2 4 4 4 3 2 2 2 2
1524 9010 1 1 1 1 1 1 1 1 1 2
1526 6207 1 4 4 5 3 4 4 1 1 2
1527 6202 4 4 5 5 4 5 5 2 2 2
1528 6198 2 1 3 3 3 4 4 4 2 2
1529 6202 5 3 3 3 3 3 3 2 1 2
1530 6203 2 4 3 4 3 5 2 1 2 2
1531 7240 3 3 3 1 1 2 1 1 1 2
1532 7239 1 1 1 1 1 4 1 1 2 2
1533 6207 5 2 5 5 4 5 4 1 2 2
1534 6206 4 1 4 1 5 4 1 3 1 2
1535 6202 4 4 4 1 1 5 1 1 2 2
1536 6206 3 3 1 5 3 4 1 1 1 2
1537 6207 4 4 5 4 4 4 4 4 1 2
1538 7231 3 2 3 1 5 2 3 4 2 2
1539 8071 1 1 1 1 3 2 1 1 1 2
1540 6207 4 4 4 4 3 4 3 4 1 2
1541 6202 1 1 1 1 1 1 1 1 1 2
1542 6204 1 1 4 3 4 3 1 5 2 2
1543 6203 2 2 5 3 3 4 1 4 2 2
1544 6206 5 4 4 4 3 5 4 3 1 2
1546 6223 3 3 3 3 2 3 1 1 1 2
1547 6224 3 3 3 3 3 3 3 3 1 2
1549 6169 5 5 4 4 5 4 4 5 1 2
1551 6224 5 4 3 4 1 4 1 1 1 2
1552 7239 4 4 4 4 4 4 3 3 2 2
1553 6226 5 3 3 3 2 5 1 1 2 2
1556 6223 5 5 5 5 5 5 5 3 2 2
1557 6223 3 3 3 2 2 4 2 2 1 2
1558 6225 2 2 2 3 3 3 3 2 1 2
1559 8067 4 4 3 3 1 4 1 1 2 2
1561 7129 4 1 1 5 2 1 1 1 1 2
1562 6223 2 2 2 2 2 2 2 2 1 2
1563 6630 3 4 2 2 2 4 1 2 2 3
1564 6223 1 1 1 1 1 1 1 1 1 2
1565 6223 1 1 1 1 3 2 1 2 1 2
1566 6223 2 2 3 4 2 4 2 2 1 2
1567 7239 5 5 5 5 5 5 5 5 2 2
1568 8069 3 3 3 4 3 4 3 3 1 2
1569 7312 1 1 1 1 1 1 1 1 1 4
1571 9995 4 5 5 4 4 4 1 3 1 4
1572 6224 1 1 1 4 1 5 1 1 1 2
1574 6439 2 2 2 2 2 2 2 3 2 4
1575 6221 2 2 2 2 5 4 1 1 1 2
1576 6223 5 5 5 5 1 5 4 2 1 2
1577 6224 4 1 1 1 2 4 3 1 2 2
1579 6223 3 3 3 3 3 3 3 3 1 2
1580 6223 4 4 4 4 5 5 5 4 2 2
1582 6221 2 2 2 4 4 4 5 5 1 2
1584 6175 4 4 4 3 4 4 1 1 1 4
1585 6191 3 1 1 3 1 4 1 1 1 2
1586 8065 3 2 2 2 1 3 2 2 2 2
1588 7121 3 3 4 2 2 3 3 3 1 2
1589 6190 1 1 1 1 1 1 1 1 1 2
1590 6186 5 5 5 5 5 5 5 5 2 2
1591 6187 4 4 4 4 4 4 4 4 1 2
1592 7121 2 2 2 2 2 4 2 2 1 2
1593 6220 3 3 3 3 3 3 3 3 1 2
1594 6192 5 5 5 5 5 5 5 3 2 2
1595 6192 1 1 1 1 1 1 1 3 2 2
1596 6215 2 2 3 4 3 4 2 1 1 2
1597 6225 2 3 3 2 3 3 2 1 2 2
1598 8071 2 2 2 2 2 2 2 2 1 2
1599 6220 4 3 3 4 2 4 2 3 1 2
1600 6187 1 1 1 2 2 2 2 2 1 2
1601 6982 4 4 4 2 4 4 2 3 2 3
1603 6170 4 4 4 4 3 3 2 2 2 2
1604 7000 4 4 4 1 1 4 2 1 1 4
1605 6177 3 2 3 2 2 4 1 2 1 4
1606 7121 5 5 5 5 3 5 4 5 1 2
1607 6220 4 5 3 4 5 5 1 1 1 2
1609 6193 4 4 4 4 4 4 3 5 2 2
1610 6186 2 3 2 2 2 4 2 2 2 2
1611 7231 3 3 3 3 3 3 3 3 2 2
1612 7240 1 1 1 1 1 1 1 1 1 2
1613 8066 1 1 1 1 1 1 1 2 2 2
1614 6192 3 3 3 4 2 5 2 1 2 2
1615 8084 1 3 3 3 1 1 1 1 2 2
1617 6193 3 3 3 3 3 4 2 2 2 2
1618 7230 4 4 4 4 4 4 3 2 2 2
1619 6192 4 3 4 4 2 5 1 1 2 2
1621 6211 3 4 3 4 4 4 1 1 1 2
1623 6210 3 3 4 4 4 4 4 4 1 2
1624 6212 1 1 1 1 1 1 1 1 1 2
1625 6211 3 3 3 2 3 2 2 2 1 2
1626 6211 1 1 1 1 1 1 1 1 1 2
1627 6212 1 1 1 1 1 1 1 1 1 2
1628 6415 3 3 3 3 4 4 2 3 1 2
1629 6189 4 4 5 5 3 5 5 5 2 2
1630 6211 4 3 2 4 5 4 1 1 1 2
1631 6211 3 1 1 4 2 1 1 1 1 2
1632 6211 2 1 2 4 1 3 1 1 1 2
1633 6214 4 3 4 4 4 5 2 2 2 2
1634 6210 4 3 4 4 1 3 1 1 1 2
1635 6167 1 1 1 1 1 1 1 1 2 2
1636 6211 4 4 3 4 4 5 1 1 1 2
1637 6211 4 4 4 5 4 5 3 2 1 2
1638 6210 3 1 1 1 2 4 1 3 1 2
1639 6211 5 5 5 5 4 5 5 2 1 2
1640 7235 4 4 4 4 4 4 4 3 1 2
1641 6212 4 4 3 4 1 4 1 1 1 2
1642 6212 3 3 3 4 1 4 2 1 1 2
1643 6214 3 4 3 5 4 4 3 2 2 2
1646 8080 3 3 3 3 3 3 3 3 1 2
1647 6211 5 5 4 5 2 4 4 3 1 2
1648 6212 5 5 5 5 3 4 4 4 1 2
1651 6210 2 2 3 2 4 3 3 4 2 2
1653 6210 3 3 2 2 4 4 1 1 2 2
1654 8080 1 1 1 1 1 1 1 1 1 2
1655 6214 4 2 4 5 3 4 4 3 2 2
1656 8087 5 5 4 5 1 4 2 1 1 2
1657 6175 4 4 4 5 3 4 2 4 2 4
1658 6214 4 5 4 3 4 5 3 4 2 2
1659 8082 1 1 2 2 1 2 1 2 1 2
1660 8077 4 2 2 1 1 5 3 1 2 2
1661 6171 1 1 1 1 1 1 1 1 1 2
1662 7240 1 1 1 1 1 1 1 1 1 2
1663 7345 3 3 2 3 4 3 3 3 1 3
1664 6174 3 3 3 2 2 3 1 2 1 2
1665 7161 4 4 4 4 4 5 5 4 2 2
1667 8085 2 2 2 2 4 3 2 4 2 2
1668 6168 4 2 4 4 4 4 1 1 1 2
1669 6172 4 5 4 1 1 1 4 1 1 2
1670 8065 2 1 1 1 2 1 1 1 1 2
1671 6174 5 5 5 5 1 5 4 1 1 2
1672 8307 1 1 1 1 3 1 1 1 1 4
1673 6190 3 3 4 5 1 4 1 1 1 2
1674 6179 1 1 1 2 2 3 1 2 1 2
1675 6774 4 3 4 4 3 4 4 5 1 4
1676 6168 5 5 4 4 4 3 3 2 2 2
1678 6168 3 3 3 3 3 4 3 3 2 2
1679 7230 3 3 3 3 3 3 3 3 2 2
1680 6173 5 4 4 5 3 5 1 5 2 2
1681 6173 2 3 3 4 2 4 2 3 2 2
1682 6170 1 1 1 1 1 4 1 1 2 2
1683 6170 4 3 4 5 3 4 4 3 2 2
1684 6173 1 1 2 1 2 1 1 1 2 2
1685 6168 1 1 1 2 3 1 1 1 1 2
1686 6174 3 2 3 3 4 4 2 3 1 2
1687 6174 1 2 3 4 1 1 1 1 1 2
1689 6170 3 3 3 2 2 3 2 2 2 2
1690 6170 4 4 5 5 1 5 2 2 2 2
1691 7014 2 1 3 1 3 4 2 1 2 3
1692 7122 3 3 2 2 3 3 2 2 2 2
1693 8084 2 1 3 4 1 2 3 1 2 2
1694 8075 4 4 5 4 3 4 3 3 2 2
1695 6172 3 3 3 3 3 3 3 3 1 2
1696 6174 1 2 2 1 1 1 1 1 1 2
1698 6173 4 3 4 1 3 4 1 3 2 2
1699 6170 4 4 4 4 2 4 4 2 2 2
1700 6170 4 4 4 4 4 4 2 2 2 2
1701 6200 3 2 2 1 2 2 2 1 1 2
1702 6190 2 4 2 2 3 5 2 2 1 2
1703 6188 2 4 3 4 1 3 3 2 2 2
1704 7127 3 3 3 3 3 3 3 3 1 2
1705 6200 1 1 1 1 1 1 1 1 1 2
1706 6188 4 4 4 4 1 4 1 1 2 2
1707 7127 4 2 2 4 3 4 2 3 2 2
1708 7240 2 3 3 2 2 4 3 2 1 2
1710 6219 3 3 3 3 2 3 1 3 1 2
1711 6198 5 5 4 4 3 4 3 2 2 2
1712 6219 4 4 3 4 2 3 1 1 1 2
1713 6219 3 4 4 3 2 4 1 3 1 2
1714 6187 3 3 3 3 3 3 3 3 1 2
1715 8066 3 3 3 3 2 3 1 1 1 2
1716 6190 2 2 3 1 5 2 2 3 1 2
1717 9007 1 2 2 2 4 4 1 1 1 2
1718 6219 4 2 3 2 3 2 1 1 2 2
1719 7237 5 4 4 5 5 5 3 3 1 2
1720 6219 5 5 5 5 5 4 5 1 1 2
1721 7127 4 2 3 4 4 4 1 3 2 2
1722 6219 2 2 2 3 2 4 2 3 1 2
1724 7127 4 3 4 4 1 4 2 4 1 2
1725 7127 1 1 1 1 5 1 1 1 2 2
1726 6192 5 5 5 5 2 5 3 2 2 2
1727 6191 3 3 3 3 1 3 4 1 1 2
1728 6694 2 2 1 3 2 1 1 1 2 3
1729 6219 3 3 2 2 2 2 2 2 1 2
1732 6190 4 3 4 3 4 4 2 1 1 2
1733 6219 1 1 1 1 1 3 3 1 1 2
1734 8074 4 4 5 4 5 5 5 5 1 2
1735 6187 1 1 1 1 1 1 1 1 1 2
1736 6216 3 3 4 3 4 4 1 4 2 2
1737 6218 1 1 3 2 2 2 1 4 2 2
1738 7239 4 4 3 3 2 4 2 2 2 2
1740 6222 1 1 1 3 4 3 1 1 1 2
1743 6184 5 5 4 5 1 5 2 3 1 2
1744 6225 3 1 1 1 1 1 1 1 1 2
1745 8077 3 4 2 1 1 3 1 1 2 2
1746 8077 5 5 5 5 3 5 5 4 2 2
1748 6216 2 1 3 2 3 3 1 4 2 2
1749 7233 5 5 5 5 4 5 5 5 2 2
1750 7237 5 4 4 4 1 5 4 3 2 2
1752 7232 1 1 1 1 1 3 1 1 1 2
1753 6216 4 5 4 4 4 5 2 4 2 2
1754 6222 3 3 3 3 4 4 1 1 1 2
1755 6217 3 4 4 5 4 3 1 1 1 2
1756 6217 2 1 4 1 4 1 1 1 1 2
1757 6225 3 4 4 4 4 4 2 3 1 2
1758 8089 4 2 5 3 3 4 5 3 2 2
1759 6179 2 1 2 1 2 1 1 2 1 2
1760 6179 3 3 3 3 3 3 3 2 1 2
1761 8087 1 3 3 1 4 3 1 4 1 2
1762 8068 1 1 1 1 1 1 1 1 1 2
1763 6180 1 1 1 1 1 1 1 1 2 2
1764 7233 4 3 4 4 1 4 2 2 2 2
1765 7232 4 4 5 4 5 5 5 5 2 2
1767 8075 3 2 2 3 1 2 1 2 2 2
1768 8075 3 3 3 4 4 4 4 3 2 2
1769 6217 4 5 5 4 5 5 5 4 1 2
1770 6216 3 2 1 3 4 5 2 2 2 2
1773 6183 1 1 1 1 1 1 1 1 1 2
1774 7237 4 5 5 3 3 4 2 3 1 2
1775 8079 1 1 1 1 1 1 1 1 1 2
1776 6209 4 3 4 2 2 4 3 2 2 2
1777 7125 2 4 5 4 3 4 4 3 1 2
1778 8078 4 2 4 4 3 3 4 3 2 2
1779 9006 3 2 3 4 3 4 2 2 1 2
1780 6209 1 1 1 1 1 3 1 1 2 2
1781 6209 2 1 4 2 4 4 1 3 2 2
1782 7126 4 4 4 5 3 5 2 3 2 2
1783 8073 1 1 3 3 1 3 3 3 1 2
1784 7125 1 1 1 1 3 1 1 1 1 2
1786 6209 4 3 4 2 4 4 3 4 2 2
1787 6209 4 4 5 5 4 5 5 4 2 2
1788 6165 2 2 2 2 2 2 2 2 2 2
1789 8084 3 2 3 4 3 3 2 3 2 2
1791 7125 4 4 4 4 1 5 5 2 1 2
1792 7125 3 2 4 3 4 4 1 1 1 2
1794 6202 2 2 4 2 2 2 2 4 2 2
1795 6205 4 4 4 3 2 3 3 2 2 2
1796 6208 5 5 5 5 5 5 5 5 1 2
1797 6209 4 4 4 4 3 4 4 4 2 2
1798 8073 2 2 2 2 2 2 2 4 1 2
1799 8078 1 1 1 1 1 1 1 1 2 2
1800 8073 3 1 2 4 1 1 1 1 1 2
1801 7125 4 2 5 4 2 5 4 5 1 2
1802 7240 2 2 2 1 2 2 2 2 1 2
1803 8079 1 1 1 1 1 1 1 1 1 2
1804 6205 3 2 4 5 1 4 3 2 2 2
1805 7125 4 5 5 5 1 5 1 4 1 2
1806 9008 1 1 1 1 1 1 1 1 2 2
1807 8079 1 1 1 1 1 1 1 1 1 2
1809 6205 4 2 4 2 5 2 1 2 2 2
1810 6209 3 4 3 2 3 4 1 2 2 2
1811 8079 1 1 1 1 1 1 1 1 1 2
1812 6205 4 4 4 5 4 4 3 3 2 2
1813 6201 1 1 1 1 3 2 1 1 2 2
1814 8085 4 2 3 4 4 4 2 1 2 2
1815 7125 4 4 4 4 5 4 4 4 1 2
1816 8078 1 1 1 1 1 1 1 1 2 2
1817 6209 1 1 1 1 1 1 1 1 2 2
1818 6205 3 2 2 2 3 1 2 3 2 2
1819 6209 4 2 2 4 4 2 1 2 2 2
1820 6242 4 5 4 4 1 1 1 1 1 2
1821 6241 1 3 3 3 4 4 2 1 1 2
1822 6249 4 2 4 4 3 4 1 2 1 2
1823 6241 2 1 1 1 3 1 1 1 1 2
1824 8104 1 1 3 1 1 3 1 1 1 2
1825 6241 3 3 3 3 3 3 3 3 2 2
1826 8098 1 1 3 2 3 3 1 3 2 2
1828 6241 4 4 5 5 4 4 2 3 1 2
1829 8263 3 3 3 3 3 2 2 2 1 4
1830 8104 1 1 1 1 1 1 1 1 1 2
1831 6241 3 3 3 3 3 3 3 3 2 2
1832 7242 4 4 4 2 1 2 1 1 1 2
1833 6537 3 2 3 3 1 2 1 1 1 3
1834 6241 5 3 4 4 4 4 1 4 1 2
1835 6724 4 3 4 4 4 4 4 3 2 3
1836 6241 4 4 3 3 3 4 3 2 2 2
1837 6241 3 3 4 4 3 4 2 3 2 2
1838 6239 2 2 4 2 2 5 3 2 2 4
1839 7140 4 2 4 4 4 4 1 2 1 2
1840 7140 1 1 1 1 1 1 1 1 1 2
1841 7139 4 3 4 4 4 4 2 3 1 2
1842 8099 3 2 2 2 2 2 2 1 1 2
1843 7140 5 5 2 5 1 5 3 4 2 2
1844 6268 1 2 1 1 1 1 1 1 2 2
1845 7130 3 4 2 4 3 4 1 1 2 2
1846 7139 5 5 4 5 1 4 1 3 1 2
1847 6257 4 2 1 4 2 4 1 1 1 2
1848 6254 4 4 4 4 4 4 2 4 1 2
1849 8098 2 2 2 2 2 1 1 1 1 2
1850 7140 4 2 1 2 3 4 1 1 1 2
1851 7140 2 2 2 2 1 3 2 2 2 2
1852 6245 4 2 3 5 4 3 2 3 2 2
1853 7140 2 2 2 2 2 2 2 3 2 2
1854 6268 3 5 5 4 3 5 1 1 2 2
1855 7139 1 1 1 1 1 1 1 1 1 2
1856 7140 4 2 2 4 2 4 2 3 1 2
1858 7138 4 4 4 4 4 4 2 2 1 2
1859 7140 2 2 1 1 1 1 1 1 2 2
1860 7140 4 4 4 4 3 4 4 4 2 2
1861 7140 4 3 3 4 2 4 2 3 2 2
1862 6257 5 5 5 2 5 5 5 5 2 2
1863 7140 4 4 4 4 3 3 3 2 1 2
1865 7140 2 2 2 2 2 2 2 2 2 2
1866 7140 5 4 5 4 3 5 2 1 2 2
1868 7140 4 4 5 5 2 4 2 1 2 2
1870 7139 5 3 5 5 3 3 3 1 1 2
1871 7139 3 3 2 3 2 3 2 2 1 2
1872 7139 3 3 4 4 3 3 4 4 1 2
1873 7140 3 4 3 4 2 5 2 3 2 2
1874 7140 3 3 3 3 3 3 3 3 2 2
1875 7140 4 2 3 5 4 4 1 1 2 2
1876 7140 5 5 5 5 4 5 2 3 2 2
1877 8100 3 3 4 3 2 3 2 2 2 2
1878 7140 3 4 2 3 3 3 1 1 2 2
1879 7139 3 2 2 1 2 1 2 2 1 2
1881 8096 2 2 2 2 3 2 2 2 1 2
1883 6310 5 4 4 5 3 4 3 4 2 2
1884 6230 3 1 1 2 4 4 1 3 2 2
1885 6522 1 1 1 1 2 1 1 1 2 3
1886 6233 4 4 5 4 4 4 3 4 2 2
1887 6229 1 1 1 1 1 1 1 1 2 2
1888 7138 3 4 4 3 2 4 3 2 2 2
1890 6234 5 4 4 4 2 4 4 3 2 2
1891 6239 3 3 3 2 1 2 1 1 2 4
1892 7134 4 3 4 4 4 4 2 2 2 2
1893 6258 4 3 3 4 1 4 3 2 2 2
1894 7132 4 3 4 4 1 4 4 3 1 2
1895 8098 1 1 4 4 1 1 1 1 1 2
1896 7243 5 4 3 4 4 5 1 2 2 2
1897 6232 4 4 3 2 3 4 2 1 1 2
1898 7134 4 4 4 4 2 5 1 3 2 2
1899 6232 3 3 2 4 1 4 2 3 1 2
1900 7132 5 2 5 5 1 4 1 1 1 2
1901 6234 5 4 5 4 3 4 2 3 2 2
1902 7241 1 1 1 1 1 2 1 1 1 2
1903 6232 4 3 4 5 4 4 1 1 1 2
1904 7245 3 2 3 3 3 3 3 3 2 2
1905 6253 4 4 5 5 4 5 3 2 2 2
1906 8098 4 5 3 5 3 5 2 1 1 2
1907 7139 4 5 5 5 5 5 4 5 1 2
1908 6253 4 4 3 4 4 5 3 3 2 2
1910 8096 3 2 3 2 1 1 1 1 1 2
1911 6253 5 4 5 5 1 5 2 4 2 2
1912 7242 1 1 1 1 1 1 1 1 1 2
1913 6228 1 1 4 1 4 3 1 5 2 2
1914 8103 1 1 1 1 1 1 1 1 1 2
1915 8095 1 1 1 1 1 1 1 1 1 2
1916 7140 2 3 3 3 2 3 2 2 1 2
1917 8097 1 1 3 1 1 1 1 1 2 2
1918 6227 3 2 2 2 2 4 2 2 1 2
1919 6253 4 4 4 1 4 4 1 1 2 2
1920 8092 1 1 1 1 3 1 1 1 1 2
1921 6240 4 3 4 4 3 5 2 2 2 4
1922 7139 4 3 4 4 3 4 3 2 1 2
1923 6232 4 3 4 4 4 4 2 4 1 2
1924 6227 2 1 1 1 2 3 1 1 1 2
1925 6253 4 3 4 4 2 3 3 4 2 2
1927 6227 2 2 5 4 4 2 2 2 1 2
1928 8105 3 2 4 3 2 2 2 1 1 2
1929 6253 4 5 5 4 1 5 5 4 2 2
1930 8095 1 1 1 1 1 1 1 1 1 2
1931 7139 5 5 5 5 3 4 4 3 1 2
1932 7139 4 1 5 5 1 5 1 5 1 2
1933 7244 1 1 1 1 1 1 1 1 1 2
1934 8099 1 1 1 1 1 1 1 4 1 2
1935 7245 1 1 1 1 1 1 1 1 1 2
1936 6243 4 2 3 3 1 3 1 1 1 2
1937 8098 3 3 3 3 3 3 3 3 1 2
1939 8094 1 1 1 1 1 1 1 1 2 2
1940 7130 3 1 2 3 4 4 2 2 2 2
1942 7136 5 4 4 5 3 5 2 3 2 2
1943 8099 3 2 1 2 2 3 1 3 1 2
1944 7242 3 3 4 3 4 3 4 3 1 2
1945 6244 2 2 2 2 1 1 1 1 1 2
1947 6250 3 3 5 3 3 4 5 3 2 2
1948 6268 2 2 3 2 2 3 2 2 2 2
1949 8091 3 3 3 3 3 3 3 3 2 2
1950 7136 4 4 4 4 2 4 2 2 2 2
1951 6250 4 4 5 5 4 5 2 4 2 2
1952 7136 4 3 4 5 1 4 2 2 2 2
1953 6244 5 4 4 5 3 4 1 3 1 2
1954 7137 4 3 3 3 2 3 1 2 1 2
1955 8092 2 2 2 2 2 2 2 2 1 2
1956 6251 4 4 4 4 3 4 4 2 2 2
1957 6250 3 4 4 2 3 5 3 2 2 2
1958 6250 4 4 4 5 5 5 1 4 2 2
1959 7137 4 2 3 3 4 4 2 1 2 2
1960 6250 4 4 4 4 4 4 4 4 2 2
1961 8097 5 2 2 4 2 5 1 4 2 2
1962 8094 4 3 5 5 5 5 4 5 2 2
1963 6244 3 2 1 2 1 2 1 1 1 2
1964 8102 1 2 1 1 1 3 2 1 1 2
1965 7246 2 2 4 3 2 4 2 4 1 2
1966 6244 2 1 2 2 1 2 2 2 1 2
1967 7242 4 4 4 5 1 3 2 2 1 2
1968 6249 4 5 4 4 4 4 5 2 1 2
1969 6924 2 2 2 2 2 2 2 2 1 3
1970 7137 4 4 4 4 4 4 2 3 2 2
1971 6252 2 2 2 2 2 2 2 2 2 2
1972 7136 1 1 1 1 1 1 1 1 2 2
1973 6239 4 4 5 3 3 4 4 3 1 4
1974 6248 4 4 4 3 3 4 2 3 2 2
1975 7136 3 4 4 3 2 4 1 2 2 2
1976 6244 2 1 1 1 3 2 1 1 1 2
1977 8098 2 1 2 1 2 3 1 3 2 2
1978 7138 4 3 4 4 2 4 2 2 1 2
1979 6233 5 4 4 4 2 4 4 4 2 2
1980 6248 4 3 3 3 2 3 1 2 1 2
1981 7136 5 5 5 5 5 5 2 3 2 2
1982 8099 4 4 4 4 4 4 4 3 1 2
1983 7135 1 1 1 1 1 1 1 1 2 4
1984 7321 2 2 1 1 4 1 1 1 1 3
1985 6250 4 5 5 5 3 5 5 3 2 2
1986 6266 4 2 3 4 1 4 2 2 2 2
1987 6244 4 3 5 4 5 5 4 2 1 2
1988 7245 4 4 4 4 4 4 4 4 2 2
1989 6260 3 3 4 4 4 4 3 2 2 2
1990 7140 4 4 4 4 2 4 2 3 2 2
1991 6244 4 4 4 2 4 5 5 5 1 2
1992 7136 4 4 5 4 4 5 1 1 2 2
1993 6241 4 2 2 4 1 3 1 1 1 2
1994 6252 1 1 1 3 1 5 1 4 2 2
1995 8102 3 2 3 2 3 3 3 3 1 2
1996 7136 5 4 5 5 1 5 3 3 2 2
1997 6953 5 1 4 1 2 5 1 2 2 3
1998 8091 1 1 1 1 1 1 1 1 2 2
1999 6235 5 5 5 1 4 5 5 1 2 4
2000 6248 3 3 3 3 2 2 3 3 1 2
2001 7140 4 4 4 4 4 5 3 5 1 2
2002 6262 4 4 4 4 1 1 1 3 1 2
2003 6262 1 1 1 1 2 3 1 1 1 2
2004 6261 3 4 3 4 2 4 2 3 1 2
2005 7130 4 4 5 5 3 5 4 1 2 2
2006 6262 4 4 5 5 3 4 3 2 1 2
2007 8079 1 1 1 1 1 1 1 1 1 2
2008 6262 4 5 4 5 2 5 5 3 1 2
2009 6236 3 3 3 3 4 5 2 2 1 4
2010 8103 3 3 2 3 2 3 3 3 1 2
2013 6262 4 2 5 4 4 4 2 4 1 2
2014 8104 2 2 5 1 4 2 1 4 1 2
2015 6262 4 4 4 4 1 4 4 5 2 2
2018 6264 2 2 2 2 2 2 2 3 1 2
2019 7138 4 4 4 4 4 4 4 4 1 2
2020 8325 1 1 1 1 2 1 1 1 1 4
2021 6262 3 3 3 4 1 3 3 3 1 2
2022 6262 3 3 3 3 3 3 3 3 1 2
2023 8101 2 2 2 2 2 2 2 2 1 2
2024 8098 4 3 3 4 3 3 2 2 2 2
2025 6262 3 2 3 4 4 2 1 1 2 2
2026 6264 1 1 1 1 3 3 1 1 2 2
2029 6262 3 4 1 2 3 3 1 2 1 2
2030 6264 3 2 3 3 4 3 1 4 1 2
2032 8317 1 1 1 1 1 3 1 1 1 3
2034 7132 4 4 3 5 4 4 4 3 1 2
2035 6259 2 2 2 2 2 2 2 2 2 2
2036 6265 4 4 3 2 1 4 1 1 1 2
2037 6267 3 2 2 2 4 3 2 3 1 2
2038 6257 3 3 3 3 3 3 3 3 2 2
2039 6257 4 4 4 3 3 4 3 3 2 2
2040 8092 3 3 3 3 3 3 3 3 1 2
2041 6267 4 4 4 5 4 5 5 2 1 2
2042 6256 4 4 4 4 4 4 3 4 1 2
2043 6003 4 4 4 4 3 4 2 2 2 1
2044 6257 3 3 3 3 4 3 3 3 2 2
2045 6664 3 1 3 1 3 1 1 3 1 3
2046 6257 2 2 2 2 3 3 1 1 1 2
2047 6257 3 3 2 1 3 2 1 1 1 2
2048 6267 3 3 3 4 2 5 2 3 2 2
2049 6267 5 3 2 5 2 5 1 2 1 2
2050 6257 4 4 4 4 4 5 3 4 1 2
2051 6261 4 4 3 4 1 4 1 2 1 2
2052 6265 4 4 4 3 5 4 2 4 1 2
2053 6255 4 1 4 4 5 4 1 4 1 2
2054 7243 5 4 4 4 4 4 4 3 2 2
2055 6257 2 3 3 2 5 5 4 4 2 2
2056 7143 5 5 5 5 3 5 5 3 2 2
2057 7135 4 4 4 4 5 4 2 2 1 4
2058 6258 4 5 5 4 2 4 3 3 2 2
2059 6257 4 3 4 4 4 4 3 4 2 2
2061 6257 1 1 1 1 2 1 1 1 1 2
2062 6243 4 4 4 4 2 4 3 2 1 2
2063 6243 4 3 4 5 1 4 2 2 1 2
2064 6258 5 4 4 4 2 5 3 3 2 2
2065 6257 4 4 4 4 4 4 4 4 2 2
2066 7275 2 2 2 2 3 3 1 1 2 3
2067 7130 5 5 5 5 5 5 1 5 2 2
2069 8100 1 1 1 3 3 3 1 1 2 2
2070 7142 3 2 4 3 3 4 3 4 2 2
2071 7132 1 1 1 1 1 1 1 1 1 2
2072 6260 3 3 3 3 3 3 3 2 2 2
2073 7133 4 4 3 4 2 4 3 2 2 2
2074 6701 4 3 4 4 4 5 2 2 2 3
2078 6255 4 4 4 3 5 3 2 5 1 2
2079 6258 3 3 3 3 4 4 2 5 2 2
2080 6231 4 4 4 4 1 5 1 1 2 2
2081 6232 3 3 5 3 1 5 2 2 1 2
2082 6232 3 3 2 3 3 3 2 2 1 2
2084 7143 3 4 2 1 2 3 2 1 2 2
2085 7142 4 4 4 4 4 4 3 4 2 2
2086 6233 4 4 3 3 1 4 3 1 2 2
2087 7131 4 2 3 4 1 4 2 2 1 2
2088 6232 3 3 2 2 2 2 2 2 1 2
2089 6266 5 5 5 5 5 5 5 5 2 2
2090 7241 4 4 4 5 1 3 1 1 2 2
2091 6234 4 4 4 3 2 3 2 2 2 2
2092 6260 5 5 5 5 2 5 5 2 2 2
2093 7246 3 3 4 4 3 3 1 1 1 2
2094 7138 3 3 2 3 4 4 1 1 2 2
2095 6234 3 3 3 3 2 3 1 2 2 2
2096 6260 4 4 5 4 1 4 4 4 2 2
2097 7141 1 1 1 1 1 1 1 1 1 2
2098 6260 4 4 4 4 4 4 2 3 2 2
2100 6235 4 4 5 4 4 4 3 2 2 4
2101 6231 3 4 4 4 3 4 4 4 2 2
2102 6266 3 3 3 3 3 4 1 1 2 2
2104 7143 2 4 3 2 3 3 1 2 2 2
2105 6266 4 4 4 4 1 5 2 3 2 2
2106 6256 3 4 2 2 4 4 1 1 1 2
2107 6261 5 5 2 5 3 5 2 5 1 2
2108 6258 2 2 2 2 2 3 2 2 2 2
2109 6257 3 3 3 3 3 3 2 1 2 2
2112 6963 1 1 1 1 1 1 1 1 1 4
2113 6240 1 1 1 3 1 3 1 1 2 4
2114 6240 4 3 4 4 3 4 2 2 1 4
2115 8105 4 4 4 3 1 4 1 3 1 2
2116 6239 3 4 4 4 3 5 3 2 2 4
2117 6240 4 1 5 4 2 4 1 1 1 4
2118 6239 2 2 2 2 2 2 2 2 1 4
2119 7321 2 1 2 3 1 1 1 1 1 3
2120 6236 4 3 3 4 3 3 3 2 1 4
2121 6234 2 2 2 3 2 3 1 3 2 2
2122 8105 3 2 3 3 1 3 1 1 1 2
2123 7243 4 4 4 5 3 3 3 2 2 2
2124 6237 2 2 2 2 2 2 2 2 1 4
2125 6239 2 1 2 2 2 2 1 1 1 4
2126 6240 3 3 3 2 1 3 3 3 1 4
2127 6268 3 2 4 3 3 4 3 4 2 2
2128 6237 4 3 4 5 3 4 2 5 1 4
2129 6237 2 1 1 3 1 1 1 1 1 4
2130 7240 1 1 1 1 1 1 1 1 1 2
2132 6240 4 3 4 4 4 4 2 2 1 4
2133 8095 1 1 1 1 3 1 1 1 1 2
2134 8100 4 4 5 5 2 5 3 5 1 2
2135 6240 3 4 3 5 2 5 1 2 2 4
2136 7244 3 1 1 1 1 1 1 1 1 2
2137 6240 5 5 5 5 5 5 5 5 1 4
2138 6263 2 1 4 1 5 5 4 5 1 2
2139 6237 4 4 3 4 3 5 2 3 2 4
2140 6237 4 4 2 4 2 4 2 3 2 4
2141 6238 4 5 5 5 5 5 2 4 2 4
2142 6229 2 1 2 1 1 3 2 1 2 2
2143 8092 2 2 4 1 3 3 1 1 1 2
2144 7133 3 3 3 3 3 3 2 3 2 2
2145 6240 3 1 2 3 4 2 1 1 2 4
2146 6805 3 3 3 4 1 3 1 1 1 3
2147 6240 3 4 3 2 3 3 1 1 2 4
2148 6240 5 5 5 5 5 5 4 5 1 4
2150 8115 2 2 2 2 2 2 2 2 1 2
2151 6321 1 1 1 1 1 1 1 1 1 2
2152 6290 4 4 2 3 1 4 1 4 1 2
2154 6280 4 4 3 4 4 4 3 2 2 2
2155 6290 4 4 5 5 3 4 2 2 1 2
2156 7252 4 4 4 4 4 4 3 2 1 2
2158 7004 5 5 5 3 4 5 4 2 2 3
2160 6280 3 2 4 2 1 2 1 4 2 2
2161 6290 4 4 3 4 3 4 2 1 1 2
2162 8108 1 1 1 1 1 1 1 1 1 2
2163 6290 4 4 4 4 4 5 4 4 1 2
2166 6290 3 3 3 3 4 4 4 4 1 2
2167 8128 4 1 1 2 4 1 1 1 1 2
2168 6290 5 4 4 4 4 4 4 4 1 2
2169 6290 3 3 3 4 2 3 2 2 1 2
2173 6323 5 5 5 5 1 5 3 2 2 2
2174 6279 5 5 5 5 5 5 4 5 1 2
2175 6287 3 3 2 2 2 3 2 2 1 2
2177 6279 5 5 5 5 4 5 2 4 1 2
2178 7247 5 3 5 5 4 5 3 2 2 2
2179 6521 1 1 4 3 4 4 3 4 2 3
2181 6279 4 4 4 4 2 5 1 3 1 2
2182 6279 3 2 3 3 5 5 3 3 1 2
2183 6278 5 4 5 5 2 4 3 2 2 2
2184 6286 3 4 2 3 2 4 1 1 1 2
2185 7248 5 5 5 3 3 5 1 1 2 2
2186 6284 4 4 4 5 1 4 1 1 2 2
2187 8110 2 2 3 3 1 1 1 2 1 2
2189 6279 1 1 1 1 2 1 1 1 1 2
2190 6279 2 2 2 2 3 3 1 1 1 2
2191 6287 4 2 1 4 3 2 1 1 1 2
2192 6279 3 3 4 3 4 4 3 3 1 2
2195 7254 5 5 4 5 1 5 3 3 2 2
2196 6281 1 1 1 1 1 1 1 1 1 2
2197 6319 4 4 4 4 2 5 3 3 1 2
2198 8123 4 4 2 4 1 5 3 1 2 2
2199 6312 3 4 4 4 1 5 3 1 1 2
2200 8292 1 1 1 1 1 1 1 1 2 4
2201 7149 3 2 3 2 4 4 2 2 2 2
2202 6319 1 1 1 1 3 2 1 1 1 2
2203 6313 3 3 3 3 3 3 3 3 1 2
2204 6317 4 4 5 4 2 5 3 2 1 2
2205 6319 3 2 3 3 5 4 1 4 1 2
2208 6319 2 2 2 2 2 2 2 2 1 2
2210 6286 3 1 1 3 3 1 1 1 1 2
2211 6286 3 3 3 3 3 3 3 3 1 2
2212 6285 4 4 4 4 2 5 1 3 2 2
2213 6284 3 3 4 3 3 5 3 1 2 2
2214 6277 4 3 1 4 1 1 1 1 1 2
2215 6283 4 4 5 5 5 5 4 3 2 2
2218 6282 5 5 5 5 4 5 5 5 2 2
2221 6279 4 4 4 5 2 5 5 4 1 2
2222 6279 4 4 4 3 3 4 1 2 1 2
2223 6286 4 4 4 4 2 4 2 3 1 2
2224 6282 4 4 5 4 4 4 3 3 2 2
2225 8113 3 3 4 4 3 4 2 3 2 2
2226 6284 4 2 5 4 2 2 2 2 2 2
2227 8127 5 2 4 4 5 5 1 3 2 2
2228 6282 5 4 5 5 3 5 1 5 2 2
2229 6287 4 4 2 4 2 4 1 1 1 2
2230 6319 4 4 2 5 3 5 3 5 1 2
2231 6289 4 4 4 4 2 3 1 1 1 2
2233 6282 4 3 4 3 4 3 3 4 2 2
2235 6269 4 3 3 4 2 4 4 3 2 4
2237 6279 2 2 2 4 2 2 1 1 1 2
2238 6279 4 4 3 3 3 5 1 1 1 2
2239 6279 3 4 2 4 1 4 1 1 1 2
2240 6282 2 1 2 2 3 2 1 1 2 2
2241 6286 5 5 5 5 2 5 5 3 1 2
2242 6284 3 3 4 3 4 3 3 3 2 2
2243 7275 3 4 4 5 1 5 4 3 1 3
2244 6278 4 4 3 4 1 3 2 1 2 2
2245 6278 4 4 4 4 5 4 2 3 2 2
2246 6282 4 4 4 4 2 5 4 2 2 2
2248 6282 3 4 1 3 1 2 1 1 2 2
2249 6278 5 5 5 5 5 5 5 1 2 2
2250 7146 4 4 4 5 1 5 3 2 1 2
2252 8111 1 2 2 2 2 2 2 2 2 2
2254 7146 2 2 2 4 1 3 2 2 1 2
2255 6284 4 4 5 5 3 4 4 3 2 2
2256 6284 1 1 1 1 1 1 1 1 2 2
2257 6284 4 4 5 3 4 4 4 4 2 2
2259 6282 4 4 1 1 5 4 1 1 2 2
2260 6283 3 2 3 3 1 3 4 4 2 2
2262 7146 5 4 1 1 4 5 1 1 1 2
2263 7146 4 3 4 2 2 4 2 3 1 2
2266 7146 3 1 2 2 3 3 1 1 1 2
2267 7249 1 1 1 1 2 2 1 1 2 2
2268 6284 4 2 3 1 2 4 1 5 2 2
2269 6433 3 3 3 3 3 4 3 3 2 4
2271 6286 3 3 3 3 3 3 3 3 1 2
2272 7254 5 4 4 5 3 5 4 2 2 2
2273 8114 4 5 4 4 3 4 1 3 2 2
2274 6286 3 2 1 4 2 3 1 1 1 2
2275 8114 2 2 2 4 2 2 2 2 2 2
2276 8126 2 2 2 2 2 2 2 2 1 2
2277 8109 4 4 5 4 4 4 5 5 2 2
2278 9012 4 5 5 5 3 5 5 4 1 2
2279 7146 3 3 3 3 3 3 3 3 1 2
2280 6284 5 5 5 5 3 5 4 2 2 2
2282 8110 4 2 3 3 1 4 1 3 1 2
2283 6596 5 4 5 5 3 5 4 3 2 3
2284 7145 4 3 4 5 3 5 2 2 2 2
2285 6313 4 3 3 3 3 3 4 3 1 2
2286 6276 4 3 5 4 1 5 2 3 2 2
2287 8124 3 2 2 2 1 1 1 1 1 2
2288 6271 3 4 5 2 5 3 1 3 1 2
2289 7250 4 4 4 5 5 4 2 3 1 2
2290 7145 3 4 4 3 4 4 4 4 2 2
2291 7145 5 5 5 5 3 5 3 2 1 2
2292 6510 4 4 4 4 4 4 4 4 2 3
2293 9012 3 3 3 3 3 3 3 3 2 2
2294 8126 3 3 3 2 2 1 1 1 2 2
2295 6271 3 2 4 2 2 2 2 2 1 2
2296 6274 4 4 4 4 4 4 3 2 2 2
2298 8113 2 2 2 2 3 3 4 4 2 2
2299 8107 3 1 1 3 1 1 1 3 1 2
2300 6274 4 4 5 3 1 4 3 2 2 2
2301 7145 5 5 5 5 4 5 5 4 2 2
2302 7145 4 3 5 3 4 4 5 5 2 2
2303 6273 5 3 5 4 4 5 2 4 1 2
2304 7145 1 1 5 5 5 5 3 5 2 2
2305 6271 5 5 5 5 5 5 4 4 1 2
2306 8129 4 4 5 4 1 4 2 1 2 2
2307 6273 4 4 5 5 3 4 3 4 1 2
2308 8107 1 1 1 1 1 1 1 1 1 2
2309 8118 2 2 3 4 3 4 2 3 1 2
2311 9012 5 5 5 5 5 5 5 4 2 2
2312 7145 4 4 4 4 4 4 4 4 1 2
2313 8106 2 3 1 3 5 2 1 1 1 4
2314 8121 4 3 4 4 2 4 3 3 2 2
2315 8124 3 3 4 4 3 4 3 4 2 2
2316 8124 2 2 4 2 3 3 4 4 2 2
2317 6271 3 2 2 4 2 4 2 1 1 2
2318 7145 4 3 3 2 1 4 2 1 2 2
2319 7145 3 3 3 3 3 3 3 3 2 2
2321 6273 4 4 4 4 2 4 1 3 1 2
2322 8112 1 1 1 4 1 3 1 1 1 2
2323 6274 3 3 4 4 2 5 4 4 2 2
2324 7254 4 3 2 2 4 4 3 3 2 2
2326 6302 4 3 3 5 5 3 2 2 2 2
2327 6297 4 3 3 4 1 4 1 1 1 2
2328 6304 3 3 4 3 3 4 2 4 2 2
2330 6304 4 4 4 2 5 5 3 2 1 2
2331 6303 4 3 4 5 2 4 3 3 2 2
2332 6304 4 3 4 4 1 4 3 3 2 2
2333 6304 5 5 5 5 5 5 5 5 1 2
2334 6304 5 5 5 5 5 5 1 1 1 2
2335 6304 3 3 3 3 3 3 3 1 1 2
2336 8115 4 3 4 4 2 4 3 4 1 2
2337 6304 4 4 4 5 2 4 4 4 1 2
2338 6303 4 2 2 3 3 4 2 4 2 2
2339 8110 3 4 2 4 1 4 1 1 1 2
2340 8127 3 2 4 3 4 4 1 3 2 2
2341 6304 3 5 5 4 4 4 3 2 1 2
2343 6291 4 4 4 2 5 2 2 4 2 2
2344 6309 5 5 4 5 1 5 4 3 2 2
2345 7148 4 3 5 3 2 2 2 4 2 2
2346 8120 3 2 2 3 2 3 2 2 2 2
2347 6303 1 1 1 1 1 1 1 4 2 2
2348 6304 5 2 4 5 1 4 1 1 1 2
2349 6304 3 3 4 4 4 4 3 4 1 2
2351 8115 3 2 3 4 3 3 1 4 1 2
2352 7150 5 5 5 3 2 5 5 3 1 2
2353 6302 3 2 3 3 1 2 1 1 1 2
2354 6302 4 3 5 3 3 4 5 2 2 2
2355 8127 2 2 2 2 2 2 2 2 2 2
2356 6304 4 4 2 4 3 4 3 3 2 2
2357 6195 4 4 4 4 3 5 3 4 1 2
2358 6304 1 1 1 1 2 2 1 1 1 2
2360 6304 4 3 4 4 4 4 2 4 2 2
2361 6304 3 3 3 3 2 3 1 3 1 2
2362 6304 4 3 1 5 1 2 1 1 1 2
2363 6302 5 3 4 5 2 5 2 2 1 2
2364 7253 5 5 5 5 5 5 5 5 1 2
2366 6307 1 1 1 1 1 1 1 1 1 2
2367 6306 1 1 1 1 1 1 1 1 1 2
2368 8106 1 2 3 3 2 2 2 2 1 4
2369 7247 4 2 4 2 4 3 3 3 1 2
2370 7144 5 5 5 5 4 5 5 5 1 4
2371 6483 3 3 4 4 1 5 3 2 2 4
2372 6305 5 5 5 5 5 5 4 5 2 2
2373 6500 1 1 1 1 1 1 1 1 2 4
2374 6306 5 5 5 5 5 5 5 5 1 2
2375 6308 3 3 4 4 2 5 3 4 2 2
2376 6305 4 4 4 2 3 5 2 2 2 2
2377 6886 4 4 4 4 2 3 1 3 1 3
2378 6308 4 4 4 4 4 4 4 4 2 2
2379 7148 1 1 1 1 4 1 1 1 2 2
2380 6306 2 2 3 3 4 4 4 5 1 2
2381 7331 4 3 4 5 3 4 2 1 1 3
2382 6306 3 3 2 2 2 2 2 2 1 2
2383 6306 4 3 3 4 4 4 3 4 1 2
2384 6280 1 1 1 1 3 2 1 1 2 2
2385 7148 5 3 5 5 2 4 2 5 2 2
2386 8126 4 4 4 4 4 5 4 2 2 2
2387 6308 4 4 4 5 4 4 4 5 2 2
2388 6308 1 1 1 1 1 1 1 1 2 2
2389 6306 3 3 3 3 3 3 3 3 1 2
2390 6308 4 4 4 4 4 4 4 5 2 2
2393 6306 4 4 4 4 3 4 3 2 1 2
2394 6310 4 4 4 3 4 4 4 4 2 2
2395 6309 3 3 3 3 3 3 3 3 2 2
2396 6308 3 3 3 3 4 4 4 4 2 2
2397 8122 4 3 3 4 4 4 3 1 2 2
2399 6306 1 1 1 1 1 1 1 1 1 2
2400 7148 3 4 4 4 2 3 3 3 2 2
2401 6308 4 4 4 4 4 4 3 5 2 2
2402 7148 5 4 2 4 3 5 5 3 2 2
2403 8122 3 1 2 3 3 3 1 1 1 2
2406 6308 3 3 3 3 3 3 3 3 1 2
2407 6322 4 5 5 5 2 5 5 5 2 2
2408 6321 4 4 4 4 4 4 4 4 1 2
2409 6316 4 4 4 5 4 5 4 3 2 2
2410 6321 3 3 3 4 2 2 2 2 1 2
2411 6312 4 5 3 4 2 4 4 2 1 2
2412 8112 4 4 3 4 1 4 4 1 1 2
2413 6322 3 3 4 4 4 3 4 4 2 2
2415 6317 4 4 4 2 3 4 1 1 1 2
2419 8115 2 2 2 2 2 2 2 2 1 2
2421 6325 4 4 4 3 3 4 4 3 1 2
2422 6318 4 3 4 4 4 5 3 3 2 2
2423 6321 4 4 4 3 2 5 3 2 1 2
2425 7255 4 4 4 3 1 2 1 2 2 2
2426 8125 2 2 2 2 2 2 2 2 1 2
2427 8115 2 3 3 3 3 3 3 3 1 2
2428 8110 2 1 1 1 1 1 1 1 1 2
2429 6181 3 4 4 2 3 3 1 2 1 2
2430 6322 2 2 4 4 3 4 3 3 2 2
2431 8113 3 3 3 4 1 4 2 2 2 2
2432 8124 3 3 3 3 3 3 3 3 1 2
2433 6325 4 1 5 4 1 4 2 1 1 2
2434 6312 3 3 3 3 4 3 3 3 1 2
2435 8111 3 3 3 3 3 3 3 3 2 2
2436 8115 2 2 2 2 2 3 2 2 1 2
2438 6323 3 3 3 3 3 3 3 2 2 2
2440 6323 5 5 5 5 4 5 4 3 2 2
2441 6325 3 3 4 3 3 4 3 2 1 2
2443 8123 2 2 2 2 2 2 2 2 2 2
2444 6323 2 2 2 2 2 2 2 4 2 2
2445 6280 5 5 5 5 5 5 4 5 2 2
2446 8113 4 3 3 4 2 5 2 2 2 2
2447 8110 1 1 1 1 1 1 1 1 1 2
2448 6323 4 4 4 5 5 5 5 4 2 2
2449 8125 1 1 1 1 1 1 1 1 1 2
2450 8114 2 2 2 2 2 2 2 2 2 2
2452 6281 1 1 1 1 1 1 1 1 1 2
2453 6480 1 1 1 1 4 2 1 1 1 3
2454 6480 1 1 1 1 5 3 3 3 1 3
2456 8116 1 1 1 1 1 1 1 1 1 2
2457 8116 5 4 5 4 3 3 1 5 1 2
2458 6298 3 3 3 3 3 3 3 3 1 2
2459 6294 5 5 5 5 3 5 5 5 2 2
2460 8124 3 2 2 1 4 3 2 2 1 2
2461 6560 4 4 3 4 1 4 1 1 2 3
2462 6292 2 2 3 3 3 4 3 4 2 2
2463 6440 3 2 4 3 2 4 4 3 1 3
2464 6292 1 1 1 1 1 1 1 1 2 2
2465 8118 3 2 2 2 2 3 2 2 1 2
2466 8113 5 5 5 5 1 5 5 5 2 2
2467 8110 2 2 2 2 2 2 2 2 1 2
2468 6292 4 3 4 4 3 3 2 3 1 2
2469 6298 5 5 5 5 1 5 5 5 2 2
2470 6293 1 1 1 1 3 1 1 1 2 2
2471 6299 3 4 4 4 4 5 1 1 2 2
2472 8188 3 3 2 3 1 4 1 2 2 3
2473 8114 3 2 2 2 3 3 2 4 2 2
2475 8117 4 4 4 4 3 4 3 2 2 2
2476 8110 5 2 3 5 1 2 1 1 1 2
2477 6298 4 4 4 4 4 4 4 4 2 2
2478 6298 3 1 3 4 1 3 2 3 1 2
2479 8124 3 3 4 4 3 3 3 3 2 2
2481 6518 2 4 3 4 4 3 4 4 1 3
2482 6293 4 2 2 3 1 1 1 2 2 2
2483 6294 1 2 3 3 4 2 1 1 2 2
2484 6292 5 5 5 5 3 5 4 4 2 2
2485 7247 3 3 4 3 2 4 1 1 1 2
2486 6293 3 3 3 3 1 3 1 1 2 2
2487 6295 4 3 1 2 1 4 1 1 1 2
2488 9012 2 2 2 2 2 2 2 2 2 2
2489 6111 3 1 1 4 3 3 1 1 1 1
2490 6298 4 4 3 4 1 5 2 2 2 2
2492 6297 2 2 3 2 4 4 1 1 1 2
2493 6293 4 4 4 4 3 5 4 4 2 2
2495 8108 1 1 1 1 1 1 1 1 1 2
2496 6301 2 2 3 3 3 3 2 1 1 2
2497 6295 4 4 4 4 3 4 3 5 1 2
2498 6294 4 4 4 4 3 3 3 2 2 2
2499 6294 4 3 3 2 4 3 1 2 2 2
2500 6293 4 2 2 2 2 3 2 2 2 2
2501 6292 4 4 5 4 2 5 4 3 2 2
2502 8116 2 2 1 1 1 1 1 3 1 2
2503 6298 4 3 3 4 1 4 3 4 2 2
2505 8117 3 2 2 4 3 4 2 4 2 2
2506 8117 3 3 4 5 3 5 3 4 2 2
2507 6296 1 1 1 1 1 1 1 3 1 2
2508 8127 4 3 3 3 2 3 2 3 2 2
2509 7255 1 1 1 1 1 1 1 1 1 2
2510 6300 3 3 4 3 1 5 3 3 2 2
2511 6292 4 3 4 2 3 3 3 4 1 2
2512 6314 2 2 2 4 3 4 1 1 1 2
2513 8109 4 4 4 4 3 3 3 4 2 2
2514 7147 5 5 5 5 3 5 5 5 1 2
2515 6298 5 5 5 5 5 5 5 5 2 2
2516 6275 1 1 1 1 1 1 1 1 1 2
2517 8116 2 1 1 1 1 3 1 1 1 2
2518 6293 4 5 5 5 3 4 5 5 2 2
2519 6295 4 4 5 4 4 5 3 4 1 2
2521 6293 1 1 1 1 2 4 2 1 2 2
2523 8119 4 4 2 4 2 4 2 2 2 2
2524 6292 3 3 3 3 3 3 3 3 1 2
2525 6294 4 2 5 2 2 4 2 4 2 2
2526 7147 4 2 3 4 1 3 4 1 1 2
2527 6298 1 1 1 4 4 3 1 4 1 2
2528 8041 4 3 2 4 1 4 2 2 2 1
2529 8127 3 2 3 2 4 4 2 3 2 2
2530 8116 1 1 1 1 1 1 1 1 1 2
2533 8116 3 2 3 2 3 2 2 2 1 2
2537 6301 2 2 1 5 1 4 1 1 1 2
2538 6288 4 3 4 4 3 4 2 4 2 2
2539 8127 4 2 4 3 2 2 2 2 2 2
2541 6335 1 1 1 1 1 1 1 1 2 2
2542 7151 3 3 3 3 3 3 3 3 1 2
2543 6331 4 4 4 4 3 4 4 3 2 2
2544 7153 2 2 3 4 2 4 2 2 2 2
2545 6340 4 3 2 4 3 3 1 1 1 2
2546 6343 4 4 4 4 4 5 5 4 2 2
2547 6343 5 5 5 5 5 5 1 3 2 2
2548 6364 3 3 2 3 4 3 4 4 1 2
2549 6335 4 4 4 4 4 4 2 3 2 2
2550 6343 1 1 1 1 1 2 1 1 2 2
2551 7151 3 3 3 3 3 3 3 3 1 2
2552 6364 4 4 3 1 2 2 1 2 1 2
2553 6363 1 1 1 1 1 1 1 1 1 2
2554 6339 3 1 3 3 2 4 2 4 2 2
2555 7151 3 3 3 3 3 3 3 3 1 2
2556 6343 4 4 5 4 3 4 4 3 2 2
2557 6362 4 4 3 1 2 4 1 1 1 2
2558 6338 3 4 3 4 2 2 2 2 2 2
2559 6335 3 3 4 3 4 3 2 4 2 2
2560 6363 3 3 4 4 2 3 2 3 1 2
2561 6368 3 3 3 3 3 3 3 4 2 2
2562 6366 4 3 5 4 3 5 4 2 2 2
2563 6913 3 3 3 3 3 4 4 3 2 4
2564 6364 4 2 3 1 2 4 3 1 1 2
2565 6336 4 4 2 5 1 5 1 1 1 2
2566 7151 1 1 1 1 1 1 1 1 1 2
2567 8134 2 2 5 2 2 2 2 4 2 2
2568 8134 2 2 2 2 2 2 2 3 2 2
2569 6339 3 3 3 3 4 4 3 4 2 2
2570 6365 2 3 3 4 3 3 3 4 2 2
2571 8188 2 2 2 2 2 2 2 2 1 3
2572 7151 3 3 3 3 3 3 3 3 1 2
2573 6337 2 2 3 2 3 4 2 2 2 2
2574 6362 4 4 4 4 4 4 4 4 1 2
2575 6365 4 2 2 4 1 5 1 1 2 2
2576 6368 2 4 1 2 1 4 1 1 2 2
2577 6338 3 3 4 3 3 5 2 4 2 2
2579 6331 1 1 1 1 1 1 1 1 2 2
2580 6343 1 4 1 5 4 5 1 3 2 2
2581 7151 4 4 4 4 3 4 2 2 1 2
2582 7151 3 5 5 5 5 5 1 1 1 2
2583 6368 2 2 3 1 4 4 2 1 1 2
2584 6335 4 4 4 4 5 4 3 3 2 2
2585 6363 3 4 4 4 3 4 4 3 1 2
2588 6367 3 3 4 4 3 4 3 3 1 2
2589 7151 2 5 4 3 4 4 2 1 1 2
2590 8143 3 3 3 3 3 3 3 3 1 2
2591 6333 5 5 5 5 3 5 4 2 1 2
2593 7151 1 1 1 1 1 1 1 1 1 2
2595 7151 2 2 2 2 2 2 2 2 1 2
2596 6336 1 1 1 1 1 1 1 1 1 2
2597 7256 4 4 4 4 2 5 4 3 1 2
2598 6333 4 4 4 4 4 4 4 4 1 2
2600 6338 4 4 4 3 4 5 2 1 2 2
2601 6368 4 4 3 4 2 4 3 4 2 2
2602 8133 4 3 4 4 3 4 4 4 2 2
2603 6339 4 2 3 3 2 4 3 3 2 2
2604 6368 5 5 5 4 3 5 3 3 2 2
2605 6343 5 5 5 5 4 5 5 5 2 2
2606 6368 4 4 4 4 4 4 4 4 1 2
2607 6913 3 3 2 2 2 1 1 1 1 4
2608 6363 4 4 4 4 1 4 1 1 1 2
2609 6368 3 3 4 2 2 4 3 3 1 2
2610 7151 4 3 4 4 3 3 3 3 1 2
2612 7151 4 3 4 4 4 4 2 2 1 2
2614 6339 2 3 3 3 3 3 2 2 2 2
2615 6337 4 4 4 4 3 3 3 2 2 2
2616 6368 4 4 2 4 3 4 2 1 2 2
2617 7151 4 4 4 4 1 3 3 3 1 2
2618 6335 4 3 3 4 3 4 1 1 2 2
2619 6346 4 4 4 4 4 4 4 3 2 2
2620 6866 4 2 4 4 5 5 3 5 2 3
2622 6337 2 2 3 3 1 4 1 1 2 2
2624 7313 3 4 4 4 3 5 2 1 1 4
2625 6334 3 3 2 2 1 1 1 1 1 2
2627 6337 4 4 5 4 1 2 4 1 2 2
2628 7314 2 2 2 3 2 3 2 2 2 3
2629 6335 5 4 4 5 4 4 2 3 2 2
2630 6342 2 1 2 1 1 4 1 1 2 2
2632 6345 4 2 1 1 1 1 1 4 2 2
2633 6335 4 4 3 5 3 4 1 2 2 2
2634 6336 3 2 4 3 3 4 1 1 1 2
2635 8138 3 3 3 3 3 3 3 3 1 2
2636 8134 4 5 5 4 5 5 4 5 1 2
2637 6333 1 1 1 1 1 1 1 1 1 2
2638 6335 4 1 4 2 4 4 1 3 2 2
2639 6335 5 5 5 5 5 5 4 1 2 2
2640 6335 4 2 5 5 2 5 2 1 2 2
2641 6335 4 4 4 5 4 4 2 2 2 2
2642 6333 5 5 5 5 5 5 5 5 1 2
2643 7153 5 2 3 4 2 4 3 4 2 2
2644 8137 2 2 2 3 2 2 2 2 1 2
2645 8133 3 3 3 3 3 3 3 3 2 2
2646 7151 3 3 1 3 1 2 1 1 1 2
2647 8135 1 1 5 3 5 5 1 3 2 2
2648 6339 4 1 1 5 1 4 1 1 2 2
2650 7152 4 3 4 4 4 4 3 3 1 2
2652 6334 1 1 1 1 1 1 1 1 1 2
2653 6347 5 5 1 5 1 1 1 1 1 2
2654 8130 1 1 1 1 4 3 2 3 1 2
2655 6362 1 1 1 1 1 1 1 1 1 2
2656 6333 2 2 2 2 3 3 1 2 1 2
2657 6335 4 4 4 4 4 4 4 4 2 2
2658 6346 4 4 4 4 4 4 2 4 2 2
2659 8041 4 3 4 4 4 4 4 3 2 1
2660 6335 4 2 4 2 4 4 2 2 2 2
2661 6334 3 2 4 3 3 2 3 3 1 2
2662 8131 4 3 3 3 3 3 1 1 1 2
2663 6349 4 3 4 2 3 4 2 3 1 2
2664 8139 2 2 2 4 2 2 2 2 2 2
2665 6342 3 3 3 4 2 4 1 1 2 2
2666 6335 4 4 4 4 4 5 2 3 2 2
2668 6339 3 3 3 3 2 3 2 2 2 2
2670 6354 4 4 4 4 4 4 5 2 1 2
2672 6357 5 3 3 2 4 4 1 3 2 2
2673 6359 1 1 1 1 1 1 1 1 1 2
2674 8136 2 1 1 1 1 2 1 1 1 2
2675 6351 3 3 2 2 1 1 1 1 1 2
2676 6351 4 3 4 4 2 3 2 3 1 2
2677 8138 2 2 2 1 1 1 1 1 1 2
2678 6346 4 4 4 2 4 4 1 1 2 2
2679 6361 4 4 4 5 4 5 2 2 1 2
2680 6359 2 3 4 4 1 5 3 3 1 2
2681 6352 2 1 1 1 4 1 1 1 2 2
2682 6349 4 3 3 3 3 3 4 4 1 2
2683 6354 3 3 4 4 4 3 2 3 1 2
2684 8139 3 2 1 2 1 1 1 1 2 2
2685 8139 5 5 3 2 1 5 3 1 2 2
2686 6354 1 1 3 1 5 1 1 1 1 2
2689 8134 1 1 1 1 1 1 1 1 2 2
2690 6353 2 2 3 3 2 2 1 1 1 2
2691 6354 3 3 5 5 5 4 2 3 2 2
2692 6354 4 3 3 4 4 4 2 2 1 2
2693 6355 4 3 3 5 3 4 3 2 1 2
2694 6352 4 3 3 2 4 4 1 2 2 2
2695 6359 3 3 3 3 3 3 3 3 1 2
2696 6341 4 3 4 4 2 4 2 4 2 2
2697 8131 3 3 4 4 1 3 2 3 2 2
2698 6357 2 2 2 2 2 2 2 3 2 2
2699 6357 3 2 3 3 4 4 2 3 2 2
2701 6356 3 3 3 3 3 4 3 2 2 2
2702 8136 4 3 4 3 1 3 2 2 1 2
2703 6353 4 4 5 5 5 3 2 4 2 2
2705 6353 5 4 5 4 2 5 1 1 2 2
2706 6354 2 2 2 4 1 4 1 1 2 2
2707 6356 5 5 5 4 1 5 5 5 2 2
2708 6354 4 4 4 4 4 4 2 2 2 2
2709 6349 1 1 1 4 3 4 1 1 1 2
2710 6352 3 2 4 4 4 4 4 4 2 2
2711 6350 4 4 4 4 1 5 2 4 2 2
2712 8136 3 3 3 3 3 3 3 3 2 2
2713 6332 2 2 2 2 2 3 2 3 2 2
2714 6354 4 4 4 4 5 5 2 3 2 2
2715 6354 5 5 5 4 4 5 4 2 2 2
2716 6348 4 4 5 5 2 4 1 1 2 2
2717 8334 1 1 1 1 1 1 1 1 1 4
2718 6352 4 2 2 2 4 5 3 4 2 2
2719 8136 3 3 3 3 3 3 3 3 1 2
2720 6349 4 1 4 4 5 5 1 1 1 2
2721 6349 3 2 4 3 2 3 2 2 1 2
2722 6352 4 5 5 5 3 5 4 5 2 2
2723 6352 3 4 3 4 1 4 1 1 2 2
2724 8130 2 2 2 1 4 3 2 3 1 2
2725 6340 1 1 1 1 1 1 1 1 1 2
2726 8130 4 4 4 4 1 3 2 2 2 2
2727 8136 4 5 5 5 2 4 1 1 1 2
2728 6359 4 5 4 5 1 4 4 2 1 2
2729 8136 3 3 3 3 3 3 3 3 1 2
2730 8136 4 1 2 2 3 3 1 3 1 2
2731 6517 2 2 3 2 5 3 4 4 2 3
2732 6354 5 3 5 5 4 4 5 5 2 2
2733 8136 2 4 3 3 2 4 2 1 1 2
2734 6351 4 2 2 3 3 3 3 2 1 2
2735 6353 4 4 4 5 4 4 3 3 2 2
2736 6359 3 2 2 3 2 3 2 2 1 2
2737 6352 4 4 4 4 1 4 4 2 2 2
2738 6326 2 2 2 4 1 2 2 2 1 2
2739 6328 4 4 4 4 5 4 3 5 1 2
2740 6332 4 4 4 3 4 4 4 4 1 2
2741 6364 1 1 1 1 1 1 1 1 1 2
2742 8283 3 3 4 4 5 4 5 4 2 4
2743 6332 3 3 3 3 3 3 3 3 1 2
2744 6352 5 5 5 5 5 5 1 2 2 2
2745 6356 3 3 4 2 3 3 4 2 2 2
2746 6355 4 4 2 4 2 5 3 3 1 2
2747 6332 4 5 4 4 4 5 4 3 1 2
2748 6349 3 2 3 3 4 4 2 3 1 2
2749 6328 1 1 1 2 2 2 2 3 1 2
2750 8130 1 1 1 1 5 4 3 4 1 2
2751 6354 4 2 4 5 3 5 2 3 2 2
2752 6350 3 3 4 2 3 3 1 3 2 2
2753 8302 4 4 4 3 1 5 3 2 2 4
2754 6360 5 5 5 5 5 5 3 4 2 2
2755 6330 2 2 2 2 4 2 2 4 1 2
2756 6327 4 3 4 4 3 4 2 3 2 2
2758 6330 4 4 4 4 4 4 4 4 2 2
2759 6330 2 2 2 2 2 2 2 2 1 2
2761 6328 1 1 1 1 1 1 1 1 1 2
2762 6326 4 4 4 4 2 4 2 3 1 2
2763 8130 3 3 3 3 3 3 3 3 2 2
2764 6330 4 3 4 4 2 3 2 3 2 2
2765 6330 3 3 3 2 4 4 2 2 1 2
2766 6563 4 4 3 4 2 4 1 2 1 3
2767 6332 4 4 4 4 4 4 4 4 2 2
2768 6327 5 4 5 5 4 5 5 1 2 2
2769 7313 5 4 4 4 1 4 3 1 1 4
2770 6328 3 2 4 5 5 5 1 5 2 2
2771 6332 4 3 3 4 3 4 2 3 2 2
2772 6328 1 1 1 1 1 1 1 1 2 2
2773 6353 4 4 4 3 2 3 2 1 2 2
2774 8132 3 2 2 2 3 2 1 3 1 2
2775 6353 4 2 3 2 3 4 2 2 1 2
2776 6342 3 2 1 3 3 5 1 1 2 2
2777 6330 4 2 5 5 4 5 2 5 1 2
2778 8139 3 3 4 4 3 4 2 2 2 2
2779 8287 2 2 2 2 2 2 2 2 1 3
2780 8130 4 4 4 3 2 3 2 1 1 2
2782 6291 4 4 5 5 3 4 3 4 2 2
2783 6327 3 3 3 3 3 4 3 2 2 2
2784 6330 4 2 4 4 2 4 1 3 2 2
2785 6327 4 4 4 4 3 5 4 4 2 2
2786 6562 4 4 5 4 2 4 3 2 1 3
2787 6328 4 2 5 5 4 3 5 4 2 2
2788 8130 1 1 1 1 1 1 1 1 1 2
2789 6330 4 2 5 5 5 4 2 5 2 2
2790 6332 3 3 4 2 1 3 3 4 2 2
2791 6327 1 1 1 1 1 1 1 1 2 2
2792 6353 3 4 4 4 2 4 1 2 1 2
2793 6330 4 4 4 4 4 4 5 4 2 2
2794 6349 5 4 5 5 4 5 5 2 1 2
2795 6327 1 1 5 5 5 5 5 5 2 2
2796 6330 4 3 4 4 4 4 2 2 2 2
2797 6332 5 4 5 5 4 5 5 5 2 2
2798 6326 4 5 5 5 4 5 5 2 1 2
2799 6354 2 2 4 3 4 4 2 3 2 2
2800 6328 2 4 4 3 5 4 1 3 2 2
2803 6354 5 4 5 5 5 5 4 4 2 2
2804 6330 3 3 5 3 3 4 3 3 1 2
2805 6327 5 5 5 5 3 5 4 4 2 2
2806 6349 1 1 1 1 1 1 1 1 1 2
2807 6327 5 4 5 5 5 5 3 4 2 2
2808 6332 1 1 1 1 1 1 1 1 2 2
2809 6332 3 3 3 3 3 3 3 3 1 2
2810 6329 1 1 1 1 1 1 1 1 1 2
2811 6332 4 4 4 4 4 4 4 4 1 2
2812 6291 4 3 2 2 4 4 2 3 2 2
2813 6332 4 4 3 4 1 4 3 4 2 2
2814 6358 2 3 3 3 3 3 2 3 2 2
2815 6338 4 4 3 4 2 4 4 3 2 2
2817 6326 5 4 4 4 4 3 1 2 1 2
2818 7258 3 4 2 4 4 3 2 2 2 2
2819 6393 4 4 5 3 3 5 4 4 1 2
2820 7158 4 3 5 4 3 2 2 1 1 2
2821 7264 4 3 1 4 1 5 3 1 1 2
2822 7158 5 4 4 4 1 4 4 1 1 2
2823 6371 3 3 3 3 3 3 3 5 1 2
2824 8147 4 3 5 5 3 5 1 3 2 2
2825 6398 5 2 3 5 4 4 3 5 2 2
2826 6398 3 3 3 3 3 3 3 3 2 2
2827 7155 4 3 4 4 4 4 2 3 2 2
2828 6395 5 5 5 5 5 5 4 5 2 2
2829 6371 5 5 5 5 5 3 3 5 2 2
2830 6430 4 4 3 4 2 4 2 3 2 3
2832 6393 1 1 1 1 1 1 1 1 1 2
2833 7158 3 2 2 3 1 4 1 2 1 2
2834 8141 1 1 1 1 1 1 1 1 1 2
2835 7155 5 3 5 1 2 5 1 3 2 2
2836 6398 1 4 2 2 1 4 1 2 2 2
2837 8146 3 3 3 3 3 3 3 3 2 2
2838 7155 5 4 4 4 3 5 1 3 2 2
2839 6851 4 4 3 4 3 4 2 2 1 4
2840 7264 1 1 1 1 1 1 1 1 2 2
2843 6398 3 3 2 4 1 5 2 1 2 2
2844 6398 4 3 4 4 4 4 3 4 2 2
2845 8148 3 3 4 4 3 3 2 2 1 2
2846 6371 5 1 3 5 5 5 1 3 1 2
2848 8148 3 3 3 3 3 3 1 1 1 2
2849 6371 5 4 3 4 4 3 3 4 1 2
2850 6371 4 4 1 4 2 4 2 1 2 2
2852 7078 3 3 4 4 2 4 2 1 2 3
2853 6398 4 2 3 4 3 4 2 3 2 2
2854 6393 3 3 2 2 3 4 2 1 1 2
2855 8153 4 4 3 4 3 4 3 2 2 4
2856 6435 4 4 4 5 2 4 3 3 2 3
2857 6398 4 4 4 4 4 4 4 4 2 2
2858 7155 4 4 4 4 2 5 3 4 2 2
2859 6398 4 3 4 4 3 4 2 3 2 2
2860 6431 1 1 1 1 1 1 1 1 1 3
2861 7159 4 3 3 3 2 4 2 4 1 2
2862 6387 3 2 4 4 4 4 1 1 1 2
2864 6396 3 2 4 4 1 3 1 2 1 2
2865 6429 4 5 5 4 4 5 5 3 2 3
2866 8146 2 1 1 1 1 1 1 1 2 2
2868 8142 4 1 1 3 1 1 1 1 2 2
2869 6382 3 1 1 3 1 3 1 1 2 2
2870 7158 4 3 4 5 4 5 2 2 1 2
2871 7259 4 4 4 4 1 1 1 1 1 2
2872 7159 3 2 2 3 3 4 2 1 1 2
2873 6395 4 4 4 4 1 5 2 2 2 2
2874 6381 4 4 4 4 2 3 3 2 2 2
2875 6399 3 3 3 3 3 3 3 3 2 2
2877 6399 3 4 2 2 4 3 2 2 2 2
2878 7159 5 5 5 4 1 3 4 5 1 2
2879 8145 1 1 1 1 1 1 1 1 1 2
2880 8246 2 2 2 3 2 3 2 2 1 3
2882 8142 3 5 5 5 4 5 3 2 2 2
2883 6399 4 4 4 3 4 4 2 3 2 2
2884 7159 4 4 4 5 2 4 2 3 1 2
2885 6396 3 3 3 3 3 3 3 3 1 2
2886 6383 5 5 5 5 4 5 5 5 1 2
2887 6394 4 3 4 5 2 5 2 1 1 2
2888 6396 2 1 1 1 2 2 1 2 1 2
2889 6396 4 4 5 5 5 5 3 5 1 2
2891 8147 2 2 2 1 5 5 1 1 2 2
2892 6399 4 4 3 4 2 3 1 2 2 2
2893 6382 5 4 4 4 3 4 4 2 2 2
2894 6400 4 4 4 3 2 4 1 5 2 2
2895 6394 4 4 5 3 3 5 5 2 1 2
2897 6381 4 4 5 5 2 4 2 3 1 2
2898 6808 2 2 2 2 2 2 2 2 1 3
2899 6382 4 4 3 3 4 5 3 2 2 2
2900 6382 4 4 4 4 2 4 3 2 2 2
2901 6380 2 2 4 2 3 4 2 3 2 2
2902 8140 1 1 1 1 1 1 1 1 2 2
2903 6382 2 2 2 1 1 1 1 1 2 2
2905 6382 3 3 2 2 3 3 1 1 2 2
2906 6375 4 4 4 4 1 4 3 4 2 2
2907 6377 4 4 4 4 1 4 1 1 2 2
2908 7261 4 3 4 4 4 4 4 4 1 2
2909 6394 3 3 3 3 2 3 2 2 1 2
2911 6382 4 5 5 5 5 5 4 3 2 2
2912 6380 3 3 3 4 3 4 3 2 2 2
2913 6380 4 5 5 4 5 5 3 4 2 2
2914 6377 5 5 4 5 4 5 3 4 1 2
2915 6379 2 1 1 1 1 4 2 4 2 2
2916 7156 3 2 4 4 2 3 2 1 1 2
2917 6385 4 4 3 5 5 5 2 4 1 2
2918 6382 2 3 2 2 2 2 3 3 2 2
2919 6376 5 5 5 5 5 5 5 5 2 2
2920 6428 3 2 1 3 4 4 1 1 1 3
2921 7156 2 3 4 3 3 4 2 2 1 2
2922 7159 4 4 4 4 3 4 3 3 1 2
2923 6377 5 4 4 5 3 5 2 3 2 2
2924 6399 4 4 4 5 4 5 5 4 2 2
2925 7156 4 3 1 4 1 4 1 1 1 2
2926 7156 4 3 5 5 2 3 1 2 1 2
2927 6378 3 4 2 2 4 4 1 1 1 2
2928 6375 2 2 2 4 3 4 2 2 2 2
2929 6388 2 2 3 4 2 5 2 4 2 2
2930 8147 4 4 4 5 3 5 4 4 2 2
2931 7159 4 5 4 4 4 4 5 3 1 2
2932 8147 4 4 4 2 2 4 1 1 2 2
2933 7336 3 3 3 3 3 4 2 2 2 3
2934 6377 5 5 5 5 4 5 5 5 2 2
2935 6376 4 2 3 4 3 3 1 1 2 2
2936 7159 3 4 2 1 1 5 1 1 1 2
2937 6399 4 3 4 4 4 4 3 3 2 2
2938 6377 4 4 5 4 4 4 4 4 2 2
2939 6377 5 5 5 5 5 5 5 4 2 2
2940 6399 3 4 4 4 2 4 2 2 2 2
2941 6430 4 3 4 4 3 4 4 4 2 3
2942 6399 5 5 5 5 5 5 3 3 2 2
2943 7156 3 3 3 4 2 3 3 2 1 2
2944 7178 4 4 5 4 4 4 1 1 1 4
2945 8148 2 1 3 1 1 1 1 1 1 2
2946 6772 4 4 4 4 3 4 3 4 1 3
2947 6376 3 3 4 2 1 2 2 4 2 2
2948 6375 5 5 5 5 2 5 2 4 2 2
2949 6373 3 3 4 4 4 4 2 4 1 2
2950 7349 1 1 1 1 1 1 1 1 2 4
2951 6399 3 2 4 3 3 3 2 3 2 2
2952 6373 5 4 5 5 5 5 4 2 1 2
2954 8146 3 4 3 5 1 4 2 3 2 2
2955 6376 4 4 4 4 4 4 3 4 2 2
2957 7263 2 4 2 2 2 4 2 2 2 2
2958 6389 5 5 5 5 2 5 2 2 2 2
2959 6816 5 5 5 5 4 5 5 5 2 4
2960 6392 5 2 5 4 3 4 3 4 2 2
2961 7157 3 2 1 1 1 1 1 1 1 2
2962 6717 2 2 2 2 2 2 2 2 1 3
2963 7159 4 4 4 4 4 4 1 2 1 2
2964 6389 1 1 1 1 3 1 1 1 1 2
2965 7263 3 3 3 3 4 4 3 2 2 2
2967 6390 4 4 4 3 3 4 1 3 2 2
2968 7263 4 2 2 4 2 2 2 2 1 2
2969 6391 4 4 4 4 5 4 1 2 1 2
2971 6386 4 4 4 4 4 4 4 4 1 2
2972 7157 3 3 3 3 3 4 1 2 2 2
2973 6390 4 3 4 4 4 5 2 2 2 2
2974 6392 4 4 4 4 5 5 5 5 2 2
2975 7159 4 4 4 4 1 5 3 1 1 2
2976 6391 2 2 2 2 2 2 2 2 1 2
2977 6376 5 1 5 2 5 5 2 1 2 2
2979 6777 1 1 1 1 1 1 1 1 1 4
2980 6392 5 4 5 4 3 3 4 2 2 2
2983 8145 2 2 2 2 2 2 2 2 1 2
2984 7157 4 4 4 4 4 5 4 2 1 2
2985 6101 4 4 3 2 4 4 2 4 2 1
2986 7263 5 5 5 5 4 5 4 5 2 2
2987 6392 3 3 3 3 3 4 3 2 2 2
2988 6372 3 1 1 2 4 4 1 1 1 2
2989 6373 4 4 4 4 4 4 2 4 1 2
2990 6372 1 1 1 1 1 1 1 1 1 2
2991 6373 2 2 2 2 2 2 2 2 1 2
2992 6399 5 5 5 5 5 5 4 5 2 2
2993 6388 2 2 2 2 3 2 2 2 2 2
2994 7154 4 1 3 4 3 4 4 1 2 2
2995 6372 4 5 5 1 4 1 1 1 1 2
2996 8148 1 1 1 1 1 1 1 1 1 2
2998 6397 4 4 5 4 4 5 3 4 2 2
2999 6842 3 3 4 4 2 2 3 2 2 4
3001 6372 5 5 5 5 3 5 1 5 1 2
3002 7154 3 3 3 2 2 2 1 2 1 2
3003 6372 4 5 4 5 5 5 2 2 1 2
3004 7261 3 2 2 2 2 2 2 1 1 2
3005 7154 3 3 3 3 3 3 1 1 1 2
3006 7154 3 3 3 3 4 3 3 3 2 2
3007 6399 3 2 2 2 2 4 2 3 2 2
3009 8147 4 4 5 5 1 5 5 3 2 2
3010 8147 4 5 4 4 4 5 2 3 2 2
3011 6373 2 3 3 4 4 5 4 4 1 2
3012 8143 1 1 1 1 1 1 1 1 1 2
3014 8321 2 1 1 1 1 2 1 1 1 4
3015 7154 3 3 4 4 1 3 1 3 2 2
3016 7154 3 3 3 4 2 2 1 3 2 2
3018 6369 5 5 4 5 1 5 4 2 2 2
3019 7155 4 4 4 4 3 5 4 3 2 2
3020 7263 4 3 4 2 1 4 1 3 2 2
3021 6388 4 3 2 4 3 5 2 1 1 2
3022 7154 4 4 4 4 3 4 4 2 2 2
3023 7154 4 5 5 5 1 5 4 5 2 2
3025 8144 1 1 3 1 2 1 1 4 2 2
3026 8147 3 2 2 2 1 2 4 2 2 2
3027 6369 1 1 1 1 3 4 1 1 2 2
3028 6426 4 4 3 5 5 5 3 1 1 2
3029 6422 4 4 4 4 4 4 4 4 1 2
3030 6424 4 5 4 5 3 5 3 3 2 2
3031 6425 4 4 4 4 4 4 4 4 2 2
3032 8152 1 1 1 1 1 1 1 1 2 4
3033 6425 1 1 1 1 1 1 1 3 2 2
3034 7163 4 4 4 4 2 4 4 4 2 2
3035 7268 4 1 3 3 2 3 1 1 2 2
3036 7163 4 4 4 4 4 4 1 4 2 2
3037 7162 2 2 3 2 3 3 2 3 1 2
3038 6422 2 2 2 2 3 2 2 2 1 2
3040 7162 4 2 5 3 5 5 1 1 1 2
3041 8150 3 4 2 4 2 4 4 2 2 2
3042 6424 5 3 5 3 5 5 5 5 2 2
3043 7267 4 3 4 4 3 4 2 3 2 2
3044 6425 3 3 4 4 2 3 3 2 2 2
3045 6425 1 3 3 2 1 1 1 1 2 2
3047 6422 2 1 1 2 3 4 1 2 1 2
3048 6422 5 4 4 4 1 5 2 3 1 2
3049 6422 4 2 4 4 3 4 2 2 1 2
3050 7163 3 3 3 3 3 3 1 5 1 2
3051 6425 3 3 4 3 3 3 4 3 2 2
3052 6425 2 2 2 3 4 3 1 2 2 2
3053 6425 4 3 4 4 4 4 1 3 2 2
3054 6423 3 3 3 3 2 4 2 1 1 2
3055 6416 1 1 1 1 1 1 1 1 1 2
3056 7163 2 2 2 2 2 3 2 2 1 2
3057 6422 4 3 2 4 2 4 1 3 1 2
3058 7163 3 3 3 3 3 3 3 3 1 2
3060 6425 4 4 4 5 5 5 1 1 2 2
3061 8150 4 4 4 5 2 4 5 1 2 2
3062 7267 3 3 2 5 3 3 2 2 2 2
3063 7162 4 3 4 4 4 4 2 3 1 2
3065 6425 4 4 4 5 3 4 4 4 2 2
3066 8150 2 5 1 3 4 5 1 1 2 2
3067 7160 2 2 2 2 2 2 2 2 1 2
3068 6412 4 2 4 3 5 5 2 3 2 2
3069 7160 4 4 5 5 5 5 4 5 2 2
3070 6403 2 1 3 2 2 3 1 3 2 2
3071 8150 1 1 5 3 2 3 5 4 2 2
3072 7160 4 3 2 3 2 2 2 2 1 2
3073 8153 1 1 1 4 3 4 1 3 1 4
3074 8149 1 1 1 1 1 1 1 1 1 2
3075 7266 1 1 1 1 1 1 1 1 1 2
3076 8150 3 3 3 3 3 3 3 3 1 2
3077 6412 4 4 3 3 3 4 3 3 2 2
3078 8155 2 2 4 4 4 4 4 4 2 2
3079 6412 3 2 2 2 4 5 2 1 2 2
3080 7160 1 2 2 1 3 1 1 1 2 2
3081 6411 4 3 4 3 3 4 3 4 2 2
3082 7160 3 3 2 4 2 3 2 2 1 2
3083 6411 4 5 4 4 3 5 4 3 2 2
3084 7160 1 1 1 1 1 1 1 1 1 2
3085 6412 3 4 4 4 2 4 4 2 1 2
3086 8151 1 1 1 1 3 1 3 3 1 4
3088 6412 4 4 4 4 4 4 3 4 2 2
3089 6412 2 2 3 2 1 3 1 1 2 2
3090 7160 4 3 4 5 3 4 2 1 2 2
3091 8085 3 3 3 3 2 4 2 2 2 2
3092 7160 1 1 1 1 1 1 1 1 2 2
3093 6412 3 3 3 3 2 4 2 1 2 2
3094 8150 1 1 1 1 1 1 1 1 2 2
3095 6412 1 1 1 1 1 1 1 1 1 2
3096 6412 3 3 3 3 3 3 3 2 2 2
3097 8150 5 5 5 5 5 5 1 5 2 2
3098 7160 2 2 2 2 2 2 2 2 1 2
3099 8149 4 3 4 4 1 3 3 4 1 2
3100 6412 2 1 3 4 4 3 3 3 1 2
3101 6411 4 4 4 4 4 4 4 3 2 2
3102 8151 4 5 5 5 3 5 4 5 1 4
3103 7160 3 3 3 3 3 3 3 3 1 2
3104 6412 4 4 5 3 1 4 2 1 1 2
3105 6412 4 5 2 5 1 3 1 1 1 2
3106 6403 5 5 3 3 3 5 3 3 1 2
3108 6407 5 5 5 5 5 5 5 5 2 2
3111 6406 4 4 5 4 1 4 1 1 1 2
3112 6403 4 4 5 5 5 5 1 3 1 2
3113 6403 4 4 4 5 1 4 4 3 2 2
3114 6424 4 4 5 4 2 4 3 4 2 2
3117 6403 4 4 3 4 5 5 2 1 1 2
3118 6406 2 2 2 3 1 1 1 2 1 2
3119 6403 3 4 3 2 3 4 2 1 1 2
3120 6403 1 1 1 2 1 1 1 1 2 2
3121 7270 4 3 3 3 3 4 1 2 1 4
3122 6403 1 1 1 1 1 1 1 1 1 2
3123 7269 4 4 5 5 4 5 3 4 1 4
3124 6406 5 4 4 5 4 5 5 3 1 2
3125 6409 2 2 2 3 2 2 1 1 1 2
3126 6420 4 5 5 3 5 3 3 3 1 4
3127 6406 1 1 3 1 1 1 1 2 1 2
3128 7230 4 4 4 4 4 4 4 3 2 2
3129 6406 5 4 4 5 4 4 4 2 1 2
3130 7269 4 4 2 5 1 5 1 2 1 4
3131 8153 2 3 3 4 1 3 2 3 2 4
3132 6406 3 3 3 3 3 3 3 3 1 2
3134 6406 4 2 4 3 1 1 1 4 2 2
3135 6403 3 2 2 4 1 3 1 2 1 2
3136 6403 3 2 3 2 2 4 2 1 1 2
3137 6401 3 2 2 4 3 2 1 1 1 2
3138 6406 3 3 3 3 3 3 3 3 2 2
3139 6403 3 3 3 3 3 3 3 3 1 2
3140 6406 4 4 4 4 4 4 4 3 2 2
3141 8150 3 4 3 4 1 3 3 3 2 2
3142 6406 5 5 5 5 3 5 4 4 2 2
3143 6419 2 3 3 3 1 4 3 4 1 4
3144 7011 3 3 3 3 3 3 3 3 2 3
3145 6407 4 4 4 4 3 3 3 3 2 2
3146 6405 3 3 4 2 4 4 2 2 1 2
3147 6547 4 4 4 4 3 3 3 4 1 3
3148 7352 4 4 4 4 4 4 4 4 1 3
3149 8155 1 1 1 1 1 1 1 3 1 2
3150 6418 4 4 4 3 3 3 3 3 1 2
3151 6418 4 4 4 4 4 4 4 4 2 2
3152 6418 3 3 3 3 3 3 3 3 1 2
3153 8153 3 3 1 3 1 4 1 3 2 4
3154 6418 4 4 4 4 3 5 1 4 2 2
3155 8151 2 3 4 4 3 2 1 4 1 4
3156 6418 5 5 5 5 1 5 1 5 2 2
3157 6418 2 2 2 2 4 2 1 2 2 2
3158 6416 4 4 5 3 3 5 4 2 1 2
3159 6418 4 4 4 4 3 4 2 2 2 2
3161 7270 1 1 1 1 1 1 1 1 1 4
3162 6418 4 2 2 3 2 4 1 1 2 2
3163 6410 4 4 4 5 3 5 4 2 1 2
3164 6418 4 4 3 3 2 2 2 2 2 2
3165 7269 4 4 4 4 4 4 4 2 2 4
3166 6418 3 3 3 2 2 3 3 2 2 2
3167 6406 3 3 3 2 2 2 2 2 2 2
3168 6418 1 1 1 1 1 1 1 1 1 2
3169 7267 2 2 1 2 2 3 1 3 1 2
3170 7268 4 4 5 4 4 4 3 2 2 2
3171 6412 5 4 3 3 4 5 3 2 2 2
3172 6418 5 5 5 5 3 5 5 3 2 2
3173 6418 4 2 5 4 2 3 3 1 1 2
3174 6417 1 1 1 1 1 1 1 1 1 2
3175 6418 3 3 3 3 3 3 3 3 1 2
3176 6418 1 1 3 1 1 2 1 1 1 2
3177 6410 1 1 1 1 1 1 1 5 1 2
3179 8153 1 1 1 2 3 3 1 1 1 4
3180 6418 1 1 1 1 3 1 1 1 2 2
3181 6186 2 4 2 3 3 5 4 4 2 2
3182 8278 2 2 2 2 2 2 2 2 2 4
3183 6418 4 1 2 5 1 5 1 1 2 2
3185 6418 4 3 4 4 4 4 4 4 2 2
3186 6418 4 5 5 5 3 5 4 3 2 2
3187 6410 5 5 5 5 3 5 4 4 2 2
3188 6407 5 5 4 4 2 5 4 3 2 2
3189 8310 3 3 3 4 1 1 1 1 2 4
3190 6419 4 4 5 4 2 4 4 4 2 4
3191 6402 4 3 3 3 2 4 2 1 2 2
3192 6419 3 3 2 2 2 3 2 1 2 4
3193 6419 3 3 4 3 4 3 4 5 2 4
3194 6419 4 4 4 4 4 4 1 1 2 4
3196 6419 4 4 4 4 4 4 4 3 2 4
3197 6421 3 4 2 4 5 5 5 4 2 4
3198 6421 4 4 4 4 1 5 3 3 2 4
3199 6419 4 4 5 4 4 4 2 4 1 4
3200 7231 4 3 4 3 2 4 3 4 1 2
3201 6419 3 3 3 3 3 3 3 3 2 4
3202 6419 2 4 4 4 3 4 1 2 2 4
3203 6408 4 4 4 4 4 4 3 3 1 2
3204 6419 4 3 5 3 1 5 2 1 1 4
3205 7269 4 3 4 5 1 4 1 1 1 4
3206 6419 2 3 2 1 1 4 2 1 1 4
3208 6419 1 1 1 1 3 1 1 3 1 4
3209 6419 1 1 1 1 1 1 1 1 1 4
3210 7265 4 3 5 2 4 4 1 4 1 2
3211 6419 5 5 5 1 3 5 1 5 1 4
3212 6419 4 2 2 4 4 3 2 2 1 4
3213 6419 2 2 2 3 2 3 2 1 1 4
3214 8149 1 1 1 1 1 1 1 1 1 2
3215 6420 2 1 2 1 1 1 1 1 1 4
3216 6419 5 4 3 5 2 4 2 2 1 4
3217 6419 2 2 2 2 2 2 2 2 2 4
3218 6402 2 2 3 4 3 4 5 3 2 2
3219 6419 4 4 3 3 1 4 4 2 2 4
3220 6189 4 4 5 5 4 4 3 5 1 2
3221 6419 3 4 4 4 2 3 2 3 1 4
3222 6419 2 2 2 2 2 2 2 2 1 4
3223 8149 1 1 1 1 1 1 1 1 1 2
3224 6419 4 3 3 2 1 4 1 2 1 4
3225 6419 4 4 5 5 2 3 3 2 1 4
3226 6419 3 3 3 3 3 3 2 2 1 4
3229 6419 3 3 3 3 3 3 3 3 2 4
3230 6417 5 5 4 5 4 5 2 2 1 2
3231 6419 5 5 5 5 4 4 4 1 1 4
3232 6419 4 3 2 2 2 2 2 2 1 4
3233 6419 4 4 4 4 2 5 3 2 2 4
3234 6421 3 2 2 5 4 2 1 1 2 4
3235 6419 2 2 2 2 2 2 2 2 2 4
3236 6726 4 2 3 2 2 5 1 1 1 3
3237 6419 4 4 5 5 5 5 5 4 2 4
3238 6726 1 1 1 1 1 1 1 1 1 3
3239 6728 4 3 4 4 4 4 3 4 2 3
3241 8222 4 4 4 4 4 4 4 4 2 3
3242 6724 5 4 5 4 3 4 4 4 2 3
3243 6730 3 3 4 3 2 4 3 3 1 3
3244 6725 1 1 1 1 1 1 1 5 2 3
3245 6724 5 5 4 2 1 5 5 2 2 3
3246 6724 5 4 5 3 3 5 5 2 2 3
3247 7264 5 5 3 3 5 5 3 1 2 2
3248 6728 4 3 4 4 4 4 4 4 2 3
3249 8222 1 1 1 1 1 1 1 1 1 3
3251 6728 5 5 5 4 5 5 1 5 2 3
3253 6726 5 4 4 5 4 5 1 4 1 3
3254 6728 4 3 3 4 1 -999 2 2 2 3
3255 8222 3 3 4 4 2 3 3 2 1 3
3256 6723 4 4 4 2 1 2 1 1 1 3
3258 6741 2 2 2 4 2 4 1 2 2 4
3259 6737 1 3 2 1 2 4 1 1 1 3
3260 6740 4 4 4 2 5 5 3 2 1 3
3261 6741 3 3 4 4 3 4 4 3 2 4
3262 6736 4 4 4 4 3 4 3 4 2 3
3263 6737 4 4 4 3 1 4 2 1 1 3
3264 6741 4 3 5 5 4 5 5 5 2 4
3265 6736 3 3 3 3 3 3 3 3 2 3
3266 7273 4 4 4 4 4 4 4 4 2 4
3267 6737 4 2 3 3 3 3 3 3 1 3
3268 6736 2 2 2 2 2 4 2 2 1 3
3269 6739 3 3 3 3 3 3 3 3 2 3
3270 6736 4 4 4 4 3 5 3 4 1 3
3271 6739 4 5 5 4 3 5 4 2 2 3
3272 7294 1 1 1 1 1 1 1 1 1 3
3273 8224 1 1 1 1 1 1 1 1 2 4
3274 6735 4 5 5 4 5 4 3 5 1 3
3275 6738 3 4 2 4 2 5 4 2 2 3
3276 6719 5 2 4 5 3 5 5 2 1 3
3277 6718 1 1 1 3 3 2 2 2 1 3
3279 6734 3 3 3 3 3 3 3 3 1 4
3282 6720 5 4 5 4 4 4 4 3 2 3
3283 6719 3 3 3 2 2 4 1 2 1 3
3284 6719 3 3 3 3 2 4 2 3 1 3
3285 6720 3 3 3 3 4 3 3 3 2 3
3286 6719 3 4 4 4 4 4 2 2 1 3
3287 6732 5 5 5 5 5 5 4 4 2 4
3288 6272 5 5 5 5 1 5 3 3 2 2
3289 6719 3 2 3 4 3 3 2 2 1 3
3290 6719 3 3 3 2 3 3 2 2 1 3
3291 6718 1 1 1 1 3 1 1 1 1 3
3292 6719 2 2 3 2 4 3 3 3 1 3
3294 6719 1 1 1 1 1 1 1 1 1 3
3295 6719 4 4 4 4 4 4 1 1 1 3
3296 7292 2 4 4 5 1 1 1 1 1 4
3297 6720 4 2 3 4 3 4 2 3 2 3
3298 6718 2 2 2 2 2 4 1 1 2 3
3300 6720 4 3 3 4 2 2 1 1 2 3
3301 6734 3 3 2 3 4 4 1 1 1 4
3303 6719 3 2 1 4 1 2 1 1 1 3
3305 6720 3 3 4 3 3 3 1 3 2 3
3306 6719 3 3 3 4 4 4 3 3 1 3
3308 6062 4 3 5 4 5 4 4 3 2 1
3310 6719 3 1 4 5 3 2 1 1 1 3
3311 6668 3 3 4 4 4 4 3 3 1 4
3312 6719 3 3 3 3 3 3 3 3 1 3
3313 6724 2 2 2 2 4 3 2 3 2 3
3314 6718 3 3 3 3 3 3 4 3 1 3
3316 6718 5 5 4 4 4 5 1 1 2 3
3317 6710 5 4 5 5 5 5 5 5 1 3
3318 6707 4 3 4 4 4 2 2 2 1 3
3319 6712 2 2 2 3 2 4 2 2 1 3
3320 6709 5 5 5 5 2 5 5 2 2 3
3321 6708 2 2 4 4 2 4 1 2 2 3
3322 7291 3 3 3 3 3 3 3 3 1 4
3323 6710 2 2 3 2 2 2 2 2 1 3
3324 7183 5 5 5 5 5 5 5 5 1 3
3325 6710 1 1 1 1 1 1 1 1 1 3
3327 6711 5 4 5 5 4 5 5 3 2 3
3329 6707 3 3 3 3 1 3 1 1 1 3
3330 6706 4 3 4 3 3 3 2 2 1 3
3331 6707 1 1 1 1 1 1 1 1 1 3
3332 6712 3 3 4 3 3 4 2 2 1 3
3333 6709 1 1 1 1 2 1 1 1 2 3
3334 6776 2 2 2 2 2 2 2 2 2 4
3335 6710 4 4 5 5 2 4 4 3 1 3
3336 6710 4 4 4 3 4 4 3 2 1 3
3337 6711 3 2 3 3 2 2 2 4 2 3
3338 6712 3 3 3 3 3 3 3 3 2 3
3339 6712 3 4 4 3 4 4 3 4 1 3
3340 6712 4 4 4 4 5 4 4 4 1 3
3341 6711 5 5 5 5 5 5 3 4 2 3
3343 6719 3 3 3 3 3 3 3 3 1 3
3344 6706 4 4 4 4 2 4 4 4 1 3
3345 7292 5 5 5 5 3 5 3 3 2 4
3347 7226 3 4 2 1 1 4 1 1 1 1
3348 6774 4 3 4 3 2 4 3 3 1 4
3349 6706 4 4 4 4 4 4 4 4 1 3
3350 6711 4 3 4 2 2 4 2 3 2 3
3351 6708 3 1 4 1 1 3 3 1 2 3
3352 7292 1 1 1 1 1 1 1 1 1 4
3353 6712 2 4 3 4 3 4 2 2 2 3
3354 7293 1 1 1 1 1 1 1 1 1 3
3355 6712 5 5 5 5 2 5 4 3 1 3
3356 6706 4 4 4 4 4 4 4 4 1 3
3357 6736 2 3 4 2 3 5 2 1 1 3
3358 6709 5 4 4 5 4 5 3 4 2 3
3359 6709 5 4 5 5 5 5 3 4 2 3
3360 6729 5 5 5 5 1 5 3 3 2 4
3361 7290 4 4 4 4 4 4 3 3 2 4
3362 6708 5 3 4 4 4 4 2 4 1 3
3363 6710 4 4 5 3 3 4 4 4 1 3
3364 6706 4 3 5 3 1 5 5 3 1 3
3365 6710 4 4 5 5 3 5 4 5 1 3
3367 6727 5 2 5 5 5 5 1 4 1 3
3368 6727 4 4 4 4 3 3 2 2 1 3
3369 6715 3 2 2 2 2 3 1 2 1 3
3370 6727 3 3 3 3 3 3 3 3 1 3
3372 6724 4 4 4 4 4 4 2 3 2 3
3373 7292 5 3 4 4 2 5 3 2 2 4
3374 6115 4 4 4 4 4 5 2 1 2 1
3375 6742 4 2 2 2 2 2 2 2 2 4
3376 8226 4 4 4 4 3 4 4 4 2 4
3377 6742 3 3 4 3 3 4 3 3 2 4
3378 6742 3 2 2 5 3 3 3 4 2 4
3379 8221 1 1 1 1 1 1 1 2 1 3
3380 6730 2 1 1 2 2 2 1 2 1 3
3381 8221 2 2 2 2 2 2 2 2 2 3
3383 8216 2 2 2 2 2 2 2 2 2 4
3384 8219 1 1 1 1 1 1 1 1 2 3
3385 8225 1 1 1 1 1 1 1 1 1 3
3386 6176 4 4 4 5 5 5 3 4 1 4
3387 8216 3 2 3 4 4 3 3 3 1 4
3388 7292 1 1 1 1 1 1 1 1 1 4
3389 6721 1 1 1 1 1 1 1 1 1 4
3390 6721 5 5 5 5 5 5 5 5 2 4
3391 6721 4 4 5 4 1 5 3 4 2 4
3392 6721 2 1 2 1 1 1 1 1 2 4
3393 6713 4 3 4 4 4 5 3 2 2 4
3394 6713 4 3 3 3 4 4 3 1 1 4
3395 6713 5 5 5 5 5 5 5 3 1 4
3396 6713 2 1 1 1 2 1 1 1 1 4
3397 6720 3 2 3 2 3 4 1 4 2 3
3398 6713 3 3 4 2 4 4 2 2 2 4
3399 8217 4 4 5 4 4 5 2 4 1 4
3401 6713 4 3 4 3 5 4 3 4 2 4
3402 6719 5 4 4 4 4 5 4 3 1 3
3403 6713 5 4 5 5 3 5 5 2 2 4
3404 6713 3 3 3 2 1 4 2 2 1 4
3405 8239 5 3 4 2 4 4 4 4 2 3
3406 6760 4 4 4 4 1 4 4 4 2 3
3407 6762 3 2 4 2 5 5 1 3 1 3
3408 7297 3 3 3 3 3 3 3 3 2 3
3409 8243 4 3 3 3 4 3 2 3 1 4
3410 8242 3 4 3 4 1 3 3 2 1 3
3411 6762 3 2 1 3 1 3 1 1 1 3
3412 6768 5 5 5 5 5 5 5 5 2 3
3413 8242 1 1 1 1 3 1 1 1 1 3
3414 8240 3 3 3 3 3 3 3 3 1 3
3415 8238 5 2 5 5 1 5 1 4 2 3
3416 6370 5 5 5 5 5 5 5 5 2 2
3417 6762 5 5 5 5 5 5 1 5 1 3
3418 6755 5 3 5 5 5 5 2 5 1 3
3419 6755 4 5 5 4 1 5 2 3 1 3
3420 7297 5 5 5 5 5 5 5 5 2 3
3421 6755 5 5 5 5 5 5 4 5 2 3
3422 6755 4 4 4 4 3 4 4 2 2 3
3424 8235 4 5 4 4 4 4 3 3 2 3
3425 6755 5 5 4 4 4 5 4 3 2 3
3426 6760 5 5 5 5 5 5 5 5 2 3
3427 8241 3 3 3 3 3 3 3 3 1 3
3428 6755 4 3 4 4 3 5 2 2 1 3
3429 6759 3 3 3 3 2 2 3 3 1 3
3430 6755 4 4 5 5 5 5 2 2 1 3
3431 6762 4 4 4 4 3 4 2 3 1 3
3432 6755 4 3 3 5 2 4 2 2 1 3
3433 6760 3 3 4 4 4 4 3 4 2 3
3434 8237 5 5 5 5 5 5 5 5 1 3
3435 6755 3 3 3 3 3 3 3 3 1 3
3436 8239 4 1 4 4 1 1 1 3 2 3
3437 8242 2 2 2 2 2 2 2 4 1 3
3438 6762 2 2 2 2 4 4 2 4 1 3
3439 9011 1 1 1 1 1 1 1 1 1 3
3440 8156 3 3 2 2 3 4 4 2 1 4
3441 6757 2 2 2 2 1 1 1 1 1 3
3444 8237 1 1 1 1 2 2 1 1 1 3
3445 6762 1 1 1 1 1 4 1 1 1 3
3446 8156 2 2 2 2 5 4 1 2 1 4
3448 6618 2 2 3 3 3 2 1 2 2 3
3450 6760 4 4 4 4 4 5 5 5 2 3
3451 8235 5 5 5 5 5 5 5 4 2 3
3452 8242 2 1 2 1 1 1 1 1 1 3
3453 8235 5 3 5 5 4 4 3 5 2 3
3455 8239 3 2 3 3 3 3 3 2 2 3
3456 6760 4 2 3 5 2 4 3 3 2 3
3457 6755 2 2 2 2 2 2 2 2 1 3
3458 7177 3 3 5 4 -999 2 5 5 1 3
3459 8242 4 4 4 4 4 4 4 3 1 3
3460 8241 3 3 3 3 3 3 3 3 2 3
3461 6760 4 4 5 2 5 5 4 4 2 3
3462 8238 2 2 2 2 3 4 3 3 1 3
3463 6754 4 4 4 4 2 3 1 2 2 3
3464 6760 2 2 2 1 3 3 2 4 2 3
3466 6437 3 2 3 4 1 2 1 2 2 3
3467 6759 5 1 4 5 1 5 1 5 1 3
3468 7260 3 2 2 3 1 4 2 1 1 2
3469 8237 3 3 4 4 2 4 3 3 1 3
3470 7296 2 2 2 2 2 2 2 2 1 4
3472 7295 4 4 4 4 4 4 4 4 2 4
3473 6767 2 3 3 3 3 3 2 5 1 3
3475 6754 5 3 5 4 4 4 3 5 2 3
3476 6774 4 4 3 4 1 4 3 1 1 4
3478 6750 5 5 5 5 5 5 5 5 1 3
3479 6749 2 3 4 3 1 3 1 1 1 3
3480 6750 3 3 2 2 2 2 2 2 1 3
3481 8231 2 2 2 2 2 2 2 2 1 3
3482 6750 4 2 3 2 2 5 2 4 1 3
3483 8231 1 1 1 3 2 3 2 3 2 3
3484 6751 2 2 4 5 4 5 2 5 2 3
3485 6749 5 5 5 5 5 5 5 5 2 3
3486 6751 4 4 5 4 3 4 4 5 2 3
3487 6749 4 5 3 4 5 5 1 2 2 3
3488 6750 3 3 3 3 3 3 3 3 1 3
3489 8231 3 3 3 3 3 3 3 3 1 3
3490 6750 1 1 1 1 1 1 1 1 1 3
3492 6749 4 4 4 4 3 4 2 1 2 3
3493 6751 4 2 3 4 3 4 2 4 2 3
3494 8232 2 2 2 2 5 5 1 4 2 3
3495 6751 4 4 4 4 3 4 4 4 2 3
3496 6750 4 4 3 4 1 3 3 3 1 3
3497 8232 4 2 3 3 2 3 1 2 1 3
3498 6751 4 2 3 4 2 4 2 2 2 3
3499 6751 4 4 4 4 5 4 4 3 2 3
3500 8232 5 5 5 5 2 5 5 4 2 3
3501 6749 4 4 4 4 4 4 2 3 1 3
3502 6750 3 1 4 3 2 3 1 1 1 3
3503 6750 2 3 3 4 1 3 3 2 1 3
3504 8232 4 3 4 4 3 4 1 3 2 3
3505 6752 4 3 4 4 2 4 3 3 2 3
3506 6751 2 2 3 4 4 3 1 1 2 3
3507 6750 1 1 1 1 1 1 1 2 1 3
3508 6750 3 5 4 4 5 4 4 1 1 3
3509 6751 3 4 3 4 3 3 3 2 2 3
3510 6752 4 4 5 5 2 4 3 3 2 3
3511 6751 4 5 3 3 4 4 4 2 2 3
3512 6749 4 3 3 3 4 5 3 4 2 3
3513 6751 3 2 3 3 3 4 2 2 2 3
3514 6749 4 3 4 4 1 3 1 1 2 3
3515 7176 4 4 4 4 2 4 1 3 2 4
3516 6768 4 4 5 5 4 5 1 4 2 3
3517 6768 4 4 5 5 2 4 2 3 2 3
3518 8242 1 1 1 1 3 2 1 1 1 3
3519 6759 1 5 5 5 5 5 4 5 1 3
3520 6767 2 4 4 4 4 5 4 2 1 3
3521 6767 2 2 2 2 2 2 2 2 1 3
3522 6760 5 2 4 5 5 5 3 4 2 3
3523 6767 4 3 1 4 1 1 1 2 1 3
3524 8240 1 1 1 1 1 1 1 1 1 3
3525 6767 3 2 2 2 1 2 1 1 1 3
3527 8239 2 2 2 2 2 2 2 2 2 3
3528 6759 3 3 2 2 1 3 1 1 1 3
3529 7177 3 2 4 3 3 3 2 2 1 3
3530 6755 1 1 1 1 1 1 1 1 1 3
3531 8237 3 2 2 4 2 4 1 1 1 3
3532 6767 4 4 1 3 2 5 1 1 1 3
3533 8237 3 3 4 3 4 4 3 3 1 3
3534 6754 4 3 5 4 3 3 5 5 2 3
3535 7298 4 2 4 4 3 5 1 4 1 4
3537 6766 3 2 2 5 3 3 1 3 2 3
3539 6759 1 1 1 1 2 3 1 1 1 3
3540 7297 4 4 4 4 4 5 3 3 2 3
3541 6755 2 2 4 3 2 2 2 2 1 3
3543 6767 5 5 5 5 1 5 2 5 1 3
3544 6756 3 3 3 3 3 3 3 3 2 3
3546 6744 5 5 5 5 1 5 5 5 2 4
3547 8229 1 1 1 1 1 1 1 1 2 4
3548 6744 5 5 5 5 1 5 5 1 2 4
3549 6743 4 4 4 4 4 4 4 4 2 4
3550 8237 1 1 1 1 1 1 1 1 1 3
3551 8230 1 1 1 1 1 1 1 1 1 4
3552 8230 4 2 4 4 3 2 3 4 2 4
3553 8316 2 2 2 2 2 1 1 1 1 4
3554 6749 2 2 2 2 4 2 3 4 1 3
3555 6752 4 4 4 4 4 4 4 4 2 3
3556 7175 5 4 4 4 2 4 2 2 2 4
3557 7202 5 5 4 5 1 5 4 2 1 3
3558 7298 2 1 1 1 1 1 1 3 1 4
3560 6761 4 4 4 4 3 4 4 4 2 3
3562 6760 5 5 5 5 2 4 1 3 2 3
3563 6762 3 4 2 2 3 5 1 1 1 3
3564 8237 4 4 3 4 2 3 4 2 1 3
3565 6761 3 4 3 4 2 4 2 2 2 3
3566 6745 3 4 4 4 4 4 2 2 2 4
3568 6745 3 4 4 4 4 4 4 4 2 4
3569 6745 4 4 4 4 2 4 2 2 2 4
3570 6745 4 4 4 4 3 4 4 3 2 4
3571 6745 4 3 3 3 2 3 2 1 1 4
3572 8237 1 1 1 1 1 1 1 1 1 3
3573 6762 4 4 4 4 4 4 4 4 1 3
3574 6765 3 3 3 3 1 2 1 1 2 3
3577 8235 1 1 1 1 1 1 1 1 2 3
3578 6760 4 4 5 5 1 4 1 3 2 3
3579 8237 2 2 2 1 1 1 1 1 1 3
3580 6757 4 3 3 4 2 -999 2 2 1 3
3581 6769 5 5 5 5 5 5 2 3 2 3
3582 6757 5 4 5 2 5 5 1 1 1 3
3583 8237 3 5 5 5 4 5 3 3 1 3
3585 8235 4 3 4 4 2 3 2 3 2 3
3588 8237 1 1 3 2 5 4 2 2 1 3
3589 8233 2 2 3 3 3 3 3 3 2 4
3590 8237 1 1 1 1 1 1 1 1 1 3
3591 6764 2 2 2 2 3 3 3 3 1 3
3592 6760 3 3 5 5 4 5 4 2 2 3
3594 6755 4 4 3 4 2 3 2 2 1 3
3595 8235 2 2 3 2 3 3 1 2 2 3
3596 8235 3 3 4 4 3 4 2 4 2 3
3598 8235 2 2 2 2 2 2 2 2 2 3
3599 6764 5 5 5 5 2 5 4 2 1 3
3600 6764 4 4 5 5 3 5 4 3 1 3
3601 8235 5 5 4 5 2 5 3 2 2 3
3602 6764 4 4 4 4 4 4 3 3 1 3
3603 7183 3 2 2 2 1 3 1 1 1 3
3607 6765 4 4 4 5 4 4 1 4 2 3
3608 6764 2 2 4 4 3 4 1 1 1 3
3609 8240 3 2 2 3 2 2 2 2 1 3
3610 8238 3 1 3 3 1 1 1 2 1 3
3611 8260 2 1 1 3 2 3 2 1 1 3
3612 6747 3 2 3 2 2 3 2 2 1 4
3613 6747 5 3 4 4 3 3 3 3 2 4
3614 6747 4 4 4 2 3 3 2 2 1 4
3615 6770 2 2 4 2 4 1 1 4 2 4
3616 7295 4 4 4 4 4 2 2 3 1 4
3617 7355 3 3 3 3 3 3 3 3 2 3
3618 6705 5 5 5 4 4 5 3 2 2 3
3619 6753 4 4 5 4 5 5 5 5 2 4
3620 6753 2 4 5 5 5 5 4 5 2 4
3621 6753 1 1 1 1 1 1 1 4 2 4
3622 6753 4 3 4 5 5 5 1 1 2 4
3623 6753 4 4 4 4 3 5 3 3 1 4
3624 6753 5 3 3 4 5 5 1 1 2 4
3625 6770 4 4 4 4 4 4 4 4 1 4
3626 6747 3 2 2 4 4 3 2 3 2 4
3627 6747 2 2 2 2 2 2 2 2 1 4
3628 6747 3 3 2 4 2 4 3 4 2 4
3629 7295 3 1 2 4 2 1 1 1 1 4
3630 6747 5 5 5 5 5 2 2 1 2 4
3631 6748 4 5 5 5 1 5 1 4 2 4
3632 6753 3 3 3 4 3 4 4 3 2 4
3633 8207 3 3 4 3 1 2 2 2 2 4
3634 6748 4 4 4 4 4 4 2 5 2 4
3635 8234 1 3 2 4 2 1 1 1 1 4
3636 6747 3 2 4 4 2 2 1 1 1 4
3637 6747 4 4 4 4 4 4 4 4 2 4
3638 7295 3 3 3 4 3 4 2 2 1 4
3639 6747 4 4 5 5 5 4 5 5 1 4
3640 6748 4 3 4 4 4 4 4 5 2 4
3642 6770 4 4 4 4 4 5 5 2 2 4
3644 6748 3 3 3 3 3 3 3 3 2 4
3645 6757 3 4 3 4 4 4 2 2 1 3
3646 8240 2 2 2 2 4 2 2 2 1 3
3647 6747 5 5 5 5 5 5 5 5 2 4
3648 7295 2 2 2 2 1 1 1 1 1 4
3649 6747 4 5 5 4 4 4 4 2 1 4
3652 6780 5 5 5 5 5 5 4 3 2 3
3653 6780 4 3 3 4 3 4 4 2 2 3
3654 6780 4 5 5 3 3 5 4 5 2 3
3655 6778 5 3 5 5 3 4 2 2 1 3
3656 6778 3 3 3 4 4 4 2 2 1 3
3659 6780 4 4 2 4 4 4 4 1 2 3
3660 7179 1 1 1 1 1 3 1 3 1 3
3661 6778 5 4 5 5 5 5 5 4 1 3
3662 8270 5 3 5 2 4 5 1 2 1 4
3663 7179 4 4 4 4 5 5 5 5 1 3
3664 7301 1 1 1 1 3 2 1 4 2 4
3665 6779 5 4 2 5 4 4 2 4 2 3
3666 6779 4 5 5 5 5 5 5 4 2 3
3667 8251 5 3 5 3 2 4 2 4 2 3
3669 6384 4 4 4 3 3 5 2 2 2 2
3670 8249 2 3 3 3 3 2 3 3 2 4
3671 6778 4 4 4 4 3 4 4 4 1 3
3672 6778 4 5 4 5 2 4 2 2 1 3
3673 7179 1 2 1 2 1 4 2 1 1 3
3674 6780 4 3 4 3 3 4 3 2 2 3
3675 7218 3 4 4 4 3 3 2 2 2 1
3677 7260 2 2 3 4 2 1 2 3 1 2
3679 6780 2 1 3 2 1 4 1 5 2 3
3680 8251 5 5 5 4 3 5 4 5 2 3
3681 8246 3 3 3 3 2 3 2 2 2 3
3682 6779 3 3 3 3 2 3 2 3 2 3
3683 6780 5 5 5 4 5 5 4 5 2 3
3684 6780 4 4 4 4 2 5 1 3 2 3
3685 6779 3 3 3 4 3 4 2 2 2 3
3686 7302 4 3 3 5 3 4 2 3 2 4
3687 7179 4 4 3 4 2 4 2 3 1 3
3688 6778 5 5 5 5 5 5 5 5 1 3
3689 7179 4 4 4 4 1 2 1 1 1 3
3690 8250 3 3 4 4 2 5 2 3 1 3
3691 6785 3 3 3 3 3 3 3 3 1 4
3692 6783 2 2 2 2 2 2 2 1 1 3
3693 8255 1 1 1 1 1 1 1 1 1 3
3695 6784 3 3 3 3 3 3 3 3 2 3
3696 6784 4 4 4 3 3 4 3 3 2 3
3697 6784 5 5 5 5 5 5 2 3 2 3
3698 8253 3 3 4 4 3 4 3 3 2 3
3699 6982 4 4 4 4 4 4 3 2 2 3
3700 8253 2 2 2 2 2 2 2 2 2 3
3701 6784 3 3 3 3 3 3 2 2 2 3
3702 6374 4 3 4 4 3 4 2 2 1 2
3703 8255 3 2 4 4 4 5 2 1 1 3
3704 8254 1 1 1 1 1 1 1 1 1 4
3705 6778 5 5 5 5 2 5 5 3 1 3
3706 6819 3 2 2 3 3 3 1 1 1 4
3707 6783 4 4 4 4 4 4 3 3 1 3
3708 6784 4 4 4 5 2 5 3 3 2 3
3709 8253 1 1 1 1 1 1 1 4 2 3
3710 6784 5 5 5 5 5 5 5 5 2 3
3711 6784 3 2 4 4 4 4 1 4 2 3
3712 6803 4 4 4 3 3 4 2 2 2 3
3713 6784 4 4 5 3 2 2 3 1 2 3
3714 6778 4 4 5 4 2 5 3 3 1 3
3715 6783 3 3 5 3 4 5 5 5 1 3
3717 6783 4 3 2 2 1 1 1 2 1 3
3718 6784 3 4 4 5 3 4 3 3 2 3
3719 6784 4 5 3 4 3 4 3 3 2 3
3720 6573 4 4 4 4 4 4 2 4 2 3
3721 8253 3 1 3 3 2 1 3 3 2 3
3722 6783 2 2 1 3 2 2 2 2 1 3
3724 8255 2 2 1 1 1 1 1 1 1 3
3725 6784 5 5 5 5 3 5 4 3 2 3
3726 8253 2 2 2 2 2 2 2 2 2 3
3727 6784 4 3 3 4 1 4 3 3 2 3
3728 6851 4 4 4 5 2 5 3 4 2 4
3729 8253 1 1 4 4 4 5 1 5 2 3
3730 6784 4 4 4 4 5 4 3 2 2 3
3731 6788 3 4 1 3 1 5 1 1 1 3
3732 7180 5 5 5 4 4 5 2 2 1 4
3733 6788 2 2 2 3 1 4 2 2 1 3
3734 6789 5 5 5 5 5 5 5 5 2 3
3735 6789 1 1 1 1 1 1 1 1 2 3
3736 8256 4 3 4 3 4 3 4 1 1 4
3738 6790 3 3 3 3 2 3 2 1 1 3
3739 6788 3 2 3 1 4 4 2 3 1 3
3740 6790 4 5 4 4 4 4 2 4 2 3
3741 6787 1 1 1 1 1 1 1 1 1 4
3743 6788 4 3 3 5 4 3 1 1 1 3
3744 9012 3 3 3 3 3 3 3 3 2 2
3745 6788 5 4 5 5 3 4 5 2 1 3
3746 6789 4 4 4 4 4 4 4 4 2 3
3747 6789 3 3 3 3 3 3 3 3 2 3
3748 6790 2 2 2 2 2 2 2 2 1 3
3749 8256 1 1 1 1 1 1 1 1 1 4
3750 6790 1 1 1 1 1 1 1 1 1 3
3751 6789 2 2 2 2 2 2 2 2 2 3
3752 6800 4 4 4 4 1 4 2 1 2 4
3753 6787 5 3 4 4 3 5 3 4 1 4
3754 6788 5 4 5 5 3 5 3 2 1 3
3755 6791 4 1 4 4 5 2 1 1 1 4
3756 8251 4 4 4 3 2 4 2 2 2 3
3757 6788 3 3 4 4 2 5 3 2 1 3
3758 6002 3 3 4 3 4 4 1 1 1 1
3759 6788 2 2 2 2 2 2 2 2 1 3
3760 7180 5 5 5 5 4 5 4 3 1 4
3761 8256 3 3 4 3 4 4 3 3 1 4
3762 6790 3 3 3 3 2 2 2 2 1 3
3763 6789 4 3 3 3 2 4 3 3 2 3
3765 6788 1 1 1 1 1 1 1 1 1 3
3766 6790 3 3 2 3 2 4 1 1 2 3
3767 6778 4 2 3 4 4 3 2 4 1 3
3768 6787 5 4 5 5 5 5 3 3 1 4
3769 6788 5 1 4 5 3 5 4 2 1 3
3770 7273 3 3 2 3 1 4 1 1 1 4
3771 6805 4 3 4 5 4 4 2 3 1 3
3772 6807 3 3 3 3 3 3 3 3 1 3
3773 6812 4 4 4 4 3 4 2 3 2 3
3774 6546 4 4 4 4 3 4 2 2 2 3
3775 6812 4 4 4 2 1 3 1 1 2 3
3776 6810 5 5 5 5 5 5 5 2 2 3
3777 8261 3 3 3 3 3 3 3 3 1 3
3778 6812 4 4 3 4 4 4 3 4 2 3
3779 6812 2 2 2 2 1 3 3 1 1 3
3780 6812 4 1 1 4 4 5 1 1 1 3
3781 6805 3 3 3 3 3 3 3 3 1 3
3782 6802 5 2 5 5 5 5 1 1 2 3
3783 6812 5 3 4 5 4 5 3 3 2 3
3784 6807 3 3 3 3 3 3 2 1 1 3
3785 6795 4 4 4 5 5 5 3 5 2 3
3786 6807 4 3 5 5 3 5 3 5 2 3
3787 6807 4 1 1 1 1 2 1 1 2 3
3788 6778 5 5 5 4 2 4 1 4 1 3
3789 6809 4 2 3 4 1 5 4 1 1 3
3790 7181 3 4 4 4 1 2 1 1 1 4
3791 6807 4 4 5 4 5 4 2 5 2 3
3792 8261 3 3 3 3 3 3 3 3 2 3
3793 6812 5 5 5 5 5 5 5 5 2 3
3794 7181 4 4 4 2 3 4 2 3 2 4
3795 7183 5 5 5 5 3 5 4 2 1 3
3796 6809 3 3 4 4 3 3 3 3 1 3
3797 6812 4 4 4 4 4 4 4 4 2 3
3798 6812 4 2 4 2 2 1 1 3 2 3
3799 6798 4 4 4 4 4 5 5 5 1 4
3800 6797 2 2 2 2 2 2 2 2 1 4
3801 6796 4 3 4 3 3 3 3 3 1 4
3802 6797 5 4 3 3 1 4 1 1 1 4
3803 6797 4 5 3 3 4 4 3 4 2 4
3804 6797 1 2 3 4 4 4 1 2 1 4
3805 6797 4 4 4 4 4 4 4 4 2 4
3806 8211 4 2 2 3 1 4 1 1 2 3
3807 6804 5 4 4 4 3 4 4 3 2 4
3808 8257 1 1 1 1 1 1 1 1 1 4
3809 6804 2 2 2 2 2 2 2 2 1 4
3810 6804 5 5 5 5 5 5 5 5 2 4
3811 6815 5 5 5 4 5 5 1 4 1 4
3812 6751 3 3 3 4 3 3 2 2 2 3
3814 6814 2 2 2 2 2 2 3 3 2 3
3816 6801 3 3 3 3 3 3 3 3 2 4
3817 8262 2 2 2 2 2 2 2 2 2 3
3821 6796 5 4 4 4 4 5 3 4 2 4
3822 6373 5 5 5 5 5 5 5 5 1 2
3823 6773 4 3 5 4 2 4 3 4 2 3
3824 6773 2 2 2 2 2 2 2 2 2 3
3825 6772 1 1 1 1 1 1 1 1 1 3
3826 8246 1 1 1 1 1 1 1 1 1 3
3827 8246 1 1 1 1 1 1 1 1 1 3
3829 8254 1 1 1 1 1 1 1 1 1 4
3830 8254 3 3 3 3 3 3 3 3 1 4
3831 8255 3 3 3 3 3 3 3 3 1 3
3832 6784 2 2 3 2 2 2 2 3 2 3
3833 6784 3 3 3 3 5 3 3 3 2 3
3834 6784 5 1 5 5 1 5 1 1 2 3
3835 8253 2 2 2 2 2 2 2 2 2 3
3836 6817 1 1 1 1 1 1 1 1 1 4
3837 6820 1 1 1 2 3 1 1 1 1 4
3838 6820 2 2 2 2 1 3 1 1 1 4
3839 7182 1 1 1 1 1 1 1 1 1 4
3841 6819 3 4 2 4 4 4 2 4 2 4
3842 6819 4 4 5 3 2 4 4 5 2 4
3844 6815 5 4 2 5 1 4 2 3 2 4
3845 8248 3 2 3 2 2 2 2 2 2 4
3846 6776 4 2 4 4 4 4 2 4 2 4
3847 7303 4 4 5 4 5 5 5 5 2 4
3848 8146 4 4 4 2 1 3 1 1 2 2
3849 6776 3 3 3 3 3 3 3 3 2 4
3850 6810 4 1 4 1 3 4 1 5 2 3
3851 6776 4 4 4 4 4 4 4 4 2 4
3852 6776 4 5 5 5 2 5 5 2 2 4
3853 6371 5 5 5 5 5 5 5 5 2 2
3854 7302 5 5 5 5 5 5 5 5 2 4
3855 6776 4 4 4 4 4 4 2 2 2 4
3856 6776 2 2 5 4 3 4 1 3 2 4
3857 6775 3 1 3 5 1 5 1 1 1 4
3858 8248 1 1 1 3 1 3 1 1 1 4
3859 6775 4 3 4 4 4 -999 2 3 1 4
3861 7302 4 4 4 4 4 4 1 2 1 4
3862 6775 4 2 2 4 3 2 1 2 1 4
3863 7299 4 3 3 4 3 3 3 3 1 3
3864 6596 3 3 3 3 3 3 3 3 1 3
3865 6775 2 3 2 2 2 2 2 2 1 4
3866 6775 2 2 2 2 4 2 2 2 1 4
3867 8247 5 5 4 5 1 5 2 3 1 4
3868 6775 3 3 4 5 2 3 2 1 1 4
3869 6775 4 4 4 4 1 4 3 2 1 4
3870 6776 5 5 5 5 5 5 5 5 2 4
3871 6776 3 2 2 3 1 4 1 2 2 4
3872 6776 4 4 4 4 3 4 3 4 2 4
3873 6777 4 2 5 4 2 5 2 3 2 4
3874 6776 4 4 5 4 2 4 4 5 2 4
3875 6596 1 1 2 1 1 1 1 1 2 3
3876 6776 5 1 5 5 5 5 1 5 2 4
3877 8146 2 1 2 3 3 4 3 5 2 2
3878 6776 3 3 2 3 3 2 2 2 2 4
3879 6775 1 1 1 1 3 1 1 1 1 4
3880 8247 4 2 3 3 1 2 2 4 1 4
3881 8248 1 1 1 1 1 1 1 1 1 4
3882 6775 1 1 1 1 1 1 4 5 1 4
3883 6775 2 2 2 2 2 2 2 2 1 4
3884 8248 1 1 1 1 1 1 1 1 1 4
3885 6775 4 1 5 4 1 5 1 1 1 4
3886 6381 4 5 5 2 1 2 1 1 1 2
3887 6775 2 2 2 2 2 2 2 2 1 4
3888 6775 3 3 3 2 4 4 2 2 1 4
3889 8248 1 1 1 1 1 1 1 1 1 4
3890 7159 4 4 5 5 5 5 4 1 1 2
3891 6775 2 1 1 1 1 1 1 1 1 4
3892 6775 3 3 3 2 4 5 3 3 1 4
3893 6775 4 2 3 4 2 4 2 4 1 4
3894 6798 3 2 3 2 2 2 2 3 1 4
3895 6798 5 5 5 5 4 5 5 4 1 4
3896 6819 2 2 2 2 2 2 2 2 1 4
3897 6798 3 4 3 5 3 3 2 4 1 4
3898 6798 3 3 3 3 3 3 3 3 1 4
3899 9015 4 3 4 1 1 5 1 1 2 1
3900 6800 1 1 1 1 1 1 1 1 2 4
3901 6799 3 3 4 3 3 4 1 4 2 4
3902 7302 4 3 5 5 5 5 2 3 2 4
3903 6798 4 4 4 4 3 5 1 3 1 4
3904 6798 3 3 3 4 2 2 2 3 1 4
3905 6797 1 1 1 1 1 1 1 1 1 4
3906 6798 1 1 1 1 1 1 1 1 1 4
3907 7300 2 2 2 2 4 2 2 2 1 4
3908 6799 5 4 4 4 2 4 2 2 2 4
3909 6796 5 4 4 4 4 5 4 3 2 4
3910 7182 4 4 4 5 2 5 1 2 2 4
3911 6797 4 3 5 2 4 4 1 4 2 4
3912 6798 4 4 2 3 4 2 2 1 1 4
3914 6798 2 3 4 1 2 3 1 1 1 4
3915 6798 1 1 1 1 1 1 1 1 1 4
3917 6799 4 2 4 2 2 2 2 5 2 4
3918 6796 4 4 4 4 4 4 2 2 2 4
3919 6796 4 2 4 4 4 4 2 3 2 4
3920 6799 1 3 2 4 2 3 2 1 2 4
3921 6799 4 4 4 4 4 4 4 5 2 4
3922 6797 4 4 4 4 2 5 4 4 2 4
3923 6798 4 4 5 4 3 5 4 4 1 4
3924 8258 2 1 1 2 3 3 1 3 1 4
3925 7220 4 3 3 5 3 3 2 2 1 1
3927 6798 4 4 4 4 4 4 4 4 1 4
3928 6798 5 5 4 5 2 4 3 2 1 4
3929 6799 5 5 5 4 5 5 3 3 2 4
3930 6799 5 4 4 5 3 4 3 3 2 4
3931 6819 4 4 4 4 2 5 4 1 2 4
3932 7364 5 5 5 5 5 5 2 4 2 4
3933 6799 4 4 4 2 2 3 2 2 2 4
3937 6756 5 5 5 4 1 5 2 4 2 3
3938 7178 5 3 4 4 3 5 5 3 2 4
3939 7005 4 4 4 3 2 5 2 2 1 4
3940 7159 3 4 4 4 3 4 3 3 1 2
3941 6097 3 4 4 3 3 5 3 3 1 1
3942 6733 2 2 2 3 2 2 1 1 1 4
3943 8249 4 3 4 4 1 2 2 2 2 4
3944 7178 3 4 3 3 3 4 3 3 2 4
3945 6390 3 3 4 3 4 5 2 4 2 2
3946 7178 3 1 2 3 1 3 1 2 2 4
3947 6551 4 4 2 4 3 4 2 2 1 3
3948 6771 5 5 5 5 5 5 1 1 1 4
3949 6917 4 5 3 3 5 5 3 5 1 4
3950 6781 4 4 4 4 5 5 2 4 2 4
3951 6778 3 3 2 2 2 4 1 2 1 3
3953 6246 4 1 1 5 1 4 1 1 1 2
3954 6774 5 2 5 5 1 5 1 2 1 4
3955 6772 4 4 4 4 3 4 2 2 1 3
3956 6786 4 4 4 4 2 4 1 2 1 4
3957 6106 3 3 4 4 5 5 1 3 2 1
3959 6736 3 4 4 3 4 4 2 2 2 3
3960 6771 5 5 5 5 5 5 5 5 2 4
3961 7178 5 5 5 5 3 5 5 3 2 4
3963 7178 3 3 3 3 3 3 3 3 1 4
3964 7178 2 1 1 5 3 4 1 1 1 4
3965 8267 1 3 4 4 4 4 1 3 1 4
3966 7275 5 4 4 4 4 3 2 2 2 3
3967 6432 5 5 5 5 1 5 3 3 1 4
3968 7178 5 2 4 4 2 3 2 4 2 4
3969 7186 1 1 1 1 1 5 1 4 1 3
3971 6631 4 4 4 3 5 2 1 2 1 3
3972 8218 2 2 2 2 2 2 2 2 2 4
3973 6771 1 1 1 1 1 1 1 1 1 4
3974 8249 3 3 4 5 4 4 1 3 1 4
3975 6771 5 4 5 5 4 5 5 3 1 4
3976 7178 1 2 2 3 4 3 2 1 1 4
3977 7300 3 4 2 3 1 3 1 2 1 4
3978 6806 4 4 4 5 2 4 2 2 1 3
3979 6794 2 1 1 1 4 3 2 2 1 3
3980 6793 4 2 2 2 1 3 1 2 2 4
3981 8261 3 3 3 2 1 2 1 2 2 3
3982 6814 4 5 4 2 1 5 4 5 2 3
3983 6793 5 5 5 5 5 5 2 4 1 4
3984 6793 1 1 1 1 5 1 4 5 1 4
3985 6792 3 3 3 3 3 3 3 3 2 4
3986 6792 4 5 5 5 5 4 4 1 2 4
3989 6807 4 4 4 4 2 2 4 3 1 3
3990 8246 4 4 5 4 5 5 5 5 2 3
3991 6806 2 2 3 3 2 2 2 2 2 3
3992 6793 3 3 3 3 3 4 3 3 2 4
3993 6806 5 5 5 5 4 5 2 3 2 3
3994 6795 3 3 3 3 3 3 3 3 2 3
3995 6792 2 2 2 2 2 3 2 2 2 4
3996 6807 1 1 1 1 1 1 1 1 1 3
3997 6792 5 5 4 5 4 4 5 5 1 4
3998 8257 2 2 2 2 2 2 2 2 1 4
4000 8261 3 3 2 2 2 2 2 2 1 3
4001 6807 4 5 4 4 2 4 1 2 1 3
4002 7303 4 4 4 4 4 4 4 4 1 4
4003 6814 5 4 4 5 3 4 3 2 2 3
4004 8261 4 4 4 4 5 4 2 3 2 3
4006 6813 3 3 3 3 3 3 3 3 2 3
4007 8261 2 2 3 3 2 2 2 2 1 3
4009 8272 4 1 1 1 1 1 2 1 1 3
4010 6871 2 2 3 3 1 3 1 3 1 3
4011 7311 4 1 3 3 1 1 1 1 1 3
4014 6863 4 4 4 5 4 4 4 3 1 3
4015 6860 4 4 4 4 4 4 4 4 2 3
4016 6872 2 2 2 2 2 2 2 2 2 3
4017 6876 3 3 3 3 3 3 2 2 1 3
4018 7356 2 2 2 2 2 2 2 2 1 4
4019 6863 3 3 3 2 1 2 2 2 1 3
4020 6869 5 5 4 4 4 4 1 1 1 3
4021 6864 4 4 4 4 4 4 4 3 2 3
4023 6860 3 3 3 3 3 3 3 3 2 3
4025 6863 2 2 2 2 1 3 1 2 1 3
4026 6871 2 2 2 2 2 2 2 1 1 3
4027 6862 1 1 1 1 1 1 1 1 1 3
4028 6863 5 5 5 4 4 5 4 4 1 3
4029 6863 4 4 5 4 1 4 5 1 1 3
4030 6859 4 2 3 3 3 3 3 4 2 3
4031 6861 4 4 4 4 3 4 2 2 2 3
4032 6871 3 2 3 3 1 2 2 4 1 3
4033 6758 3 4 4 2 4 4 2 2 1 4
4034 6862 1 1 1 1 3 3 1 3 1 3
4035 6863 4 2 3 4 3 4 1 2 1 3
4037 6872 4 4 4 4 4 4 4 4 2 3
4038 6863 1 1 1 1 4 2 1 1 1 3
4039 8271 1 1 1 1 1 1 1 1 1 4
4040 6872 5 5 5 5 2 5 2 5 2 3
4041 6872 5 4 4 5 1 5 4 3 2 3
4042 6864 5 3 5 4 4 4 2 3 2 3
4043 6862 4 4 3 4 3 4 2 2 1 3
4044 6872 4 4 4 4 4 4 4 5 2 3
4045 6867 3 4 4 4 2 2 2 2 2 3
4046 6872 3 1 2 2 2 3 1 1 2 3
4047 6857 3 4 2 3 3 4 1 1 1 3
4048 6863 4 3 4 2 2 4 2 2 1 3
4049 6867 4 4 4 2 5 2 3 4 2 3
4050 6872 4 4 4 4 5 5 5 5 2 3
4051 6857 3 3 3 3 3 3 3 3 1 3
4052 6866 4 3 3 4 2 4 4 4 2 3
4053 6873 4 2 3 4 2 3 1 1 2 3
4054 6866 4 4 5 4 3 5 4 2 2 3
4055 6866 2 3 3 3 2 3 2 2 2 3
4056 6865 4 3 4 4 5 3 3 2 2 3
4057 6822 4 4 4 4 4 4 4 4 2 4
4058 6871 3 3 4 4 4 4 3 5 2 3
4059 7305 5 5 4 4 3 5 3 3 2 3
4060 6855 4 5 5 5 3 5 5 3 1 3
4061 6855 5 3 5 5 3 3 3 3 1 3
4062 6855 2 4 4 2 4 4 4 4 1 3
4063 6871 1 1 1 5 5 5 1 1 1 3
4064 6874 3 2 4 4 3 4 2 3 1 3
4065 6870 1 1 1 1 1 1 1 1 1 3
4066 6867 4 4 4 4 3 4 3 4 2 3
4067 6795 2 2 2 2 1 1 1 2 2 3
4068 6864 5 5 5 5 5 5 5 5 2 3
4069 6864 2 2 2 2 3 3 3 3 2 3
4070 7309 4 4 4 5 2 5 3 2 2 4
4071 6864 4 4 3 5 2 4 2 3 2 3
4072 6876 1 1 1 4 1 1 1 1 2 3
4073 6872 4 3 4 4 3 4 1 1 2 3
4075 7186 5 4 4 5 3 4 5 3 1 3
4076 6874 4 4 4 4 2 4 3 4 1 3
4078 6870 4 4 4 2 4 4 2 3 1 3
4080 6876 4 4 4 4 4 4 5 4 2 3
4081 8270 3 1 2 4 1 5 1 1 2 4
4082 6865 3 5 4 5 1 4 5 1 2 3
4083 6864 1 1 1 1 1 1 1 1 2 3
4084 6874 5 4 4 4 2 5 3 4 1 3
4085 6874 4 3 5 4 5 4 5 5 1 3
4086 7311 4 5 3 3 2 5 2 3 1 3
4087 6856 4 3 4 4 3 5 3 3 1 3
4088 6874 5 5 5 5 3 4 4 4 1 3
4089 6874 2 2 2 2 2 2 2 3 1 3
4090 6874 3 4 4 2 2 3 3 2 1 3
4091 6863 3 3 4 2 2 3 2 3 1 3
4092 7309 1 1 1 1 1 1 1 1 1 4
4093 7304 3 2 2 2 2 3 2 3 1 3
4094 8265 5 5 4 3 3 5 4 4 2 3
4095 6828 4 3 4 2 1 5 2 2 2 3
4096 6826 4 4 4 3 4 4 4 5 2 3
4097 6826 4 2 3 4 1 4 3 2 2 3
4099 6828 2 2 2 2 2 3 2 2 2 3
4100 8265 4 5 5 5 4 5 3 4 2 3
4101 6827 5 4 4 5 4 5 1 3 1 3
4102 6825 3 3 1 2 1 4 1 2 2 3
4103 6826 4 4 2 2 3 5 4 2 2 3
4104 8264 1 1 1 1 1 1 1 1 1 3
4106 6824 4 4 4 3 4 4 3 4 1 3
4107 6826 4 2 2 2 4 5 1 4 2 3
4111 7311 3 3 2 3 1 3 1 3 1 3
4112 7310 4 4 3 4 2 2 2 3 1 4
4113 6828 4 3 5 2 4 3 3 5 2 3
4117 6846 3 3 3 3 3 3 3 3 2 3
4118 6825 5 4 4 4 4 4 4 2 2 3
4119 6845 4 4 5 4 3 5 4 1 2 3
4120 6852 4 5 4 4 4 5 4 3 2 3
4121 6844 3 2 2 1 3 2 1 2 1 3
4122 6844 1 1 1 3 2 4 1 1 1 3
4123 6847 5 4 5 5 5 5 5 5 1 3
4124 6848 4 4 3 4 1 4 1 1 2 3
4126 7185 4 3 4 4 4 4 1 2 1 3
4127 6847 2 3 2 3 1 5 2 2 1 3
4128 7185 3 3 4 4 4 4 3 4 1 3
4129 6844 3 3 3 3 3 3 3 3 1 3
4130 6850 3 2 4 2 4 2 2 4 2 3
4131 6850 2 1 1 3 3 2 1 2 2 3
4132 6847 1 1 1 1 1 1 1 2 1 3
4133 7310 4 2 5 2 1 4 1 5 1 4
4134 6847 4 3 4 3 2 3 3 3 1 3
4135 7220 3 2 2 4 2 4 3 3 1 1
4137 6829 5 5 5 5 3 5 1 1 2 3
4138 6829 4 4 4 4 3 4 2 1 2 3
4139 6835 5 5 5 5 3 4 3 5 1 3
4140 7304 2 2 2 2 2 2 2 2 1 3
4141 6876 4 4 4 4 4 3 3 3 1 3
4142 8263 3 3 3 3 2 2 2 2 1 4
4143 8266 2 2 1 2 1 2 1 3 1 3
4144 7311 4 3 4 3 3 4 2 3 1 3
4145 6830 5 3 5 4 5 4 4 3 1 3
4146 6830 4 2 4 3 2 2 2 2 1 3
4147 6829 4 4 4 4 2 4 2 4 2 3
4148 6829 2 2 2 2 2 2 2 2 2 3
4149 6830 5 5 5 5 1 5 5 5 2 3
4150 6829 4 2 3 1 1 4 2 2 2 3
4151 6829 2 2 2 2 2 4 3 3 2 3
4152 6830 2 2 2 2 2 2 2 2 2 3
4153 6874 4 4 5 5 4 4 2 1 1 3
4154 6830 3 2 2 4 2 4 2 2 1 3
4155 6830 4 4 2 1 1 1 1 1 1 3
4156 6830 4 3 4 3 5 5 2 3 2 3
4157 6830 3 3 3 3 3 3 3 3 2 3
4158 6875 3 3 3 3 3 3 3 3 2 3
4159 6829 2 2 2 2 2 2 1 1 2 3
4160 6829 4 4 4 3 1 5 1 1 2 3
4161 7311 4 4 4 4 4 4 4 4 1 3
4162 7186 5 1 5 5 3 4 2 4 1 3
4163 6830 4 1 4 2 3 4 2 2 1 3
4164 8275 2 1 1 1 3 4 1 1 1 3
4166 6829 5 5 4 5 2 5 5 3 2 3
4167 6829 3 3 4 4 1 2 1 2 2 3
4168 6830 4 4 4 3 3 4 3 3 2 3
4169 6830 3 2 4 3 5 5 5 3 2 3
4170 6865 5 4 4 5 4 4 2 3 2 3
4171 6829 4 3 2 3 4 4 1 2 2 3
4172 6829 3 5 2 1 3 4 1 1 2 3
4173 7185 4 4 2 4 2 4 2 2 1 3
4174 8266 3 3 3 3 3 3 3 3 1 3
4175 6857 4 4 4 4 3 4 2 2 1 3
4176 7311 2 2 2 2 4 2 2 2 1 3
4178 6697 2 2 3 2 2 2 2 2 1 3
4179 6830 3 3 3 3 3 4 3 3 1 3
4180 6830 3 2 3 2 3 2 2 2 1 3
4181 7308 1 1 1 1 1 1 1 1 1 4
4182 7309 3 4 2 4 1 4 3 2 2 4
4183 6830 4 3 3 3 2 3 2 2 2 3
4184 8275 1 1 1 1 1 1 1 1 1 3
4185 6834 3 3 3 3 3 3 3 3 2 3
4186 6834 5 5 5 2 4 5 2 2 2 3
4188 6834 5 5 5 5 4 5 4 1 2 3
4189 8268 3 1 3 3 3 3 1 1 1 3
4190 8271 1 1 1 1 5 1 1 1 1 4
4192 6831 3 2 2 3 1 1 1 1 1 3
4193 6868 3 3 4 3 3 3 4 3 2 3
4194 6834 4 3 3 4 2 4 3 2 2 3
4195 6831 4 2 5 3 4 4 3 3 1 3
4196 6867 4 4 4 5 1 3 1 3 2 3
4197 6831 3 3 4 4 2 4 2 2 1 3
4198 6831 1 1 1 1 1 3 1 1 1 3
4199 6835 4 5 4 4 3 5 3 1 1 3
4200 6832 3 3 4 3 2 3 3 2 2 3
4201 6834 5 5 5 5 5 5 5 5 2 3
4202 8259 3 2 3 2 2 3 3 3 2 4
4203 6831 2 2 2 2 3 3 2 2 1 3
4204 6834 3 2 2 1 4 3 2 2 2 3
4205 8268 1 1 1 1 1 1 1 1 1 3
4206 6213 4 4 4 4 2 5 2 2 2 2
4207 6831 3 2 2 2 3 4 3 3 1 3
4208 6834 5 5 5 5 5 5 5 5 2 3
4209 6835 3 4 3 4 4 4 1 2 1 3
4210 8268 2 1 1 1 3 2 1 1 1 3
4213 6834 5 5 5 5 5 5 5 5 2 3
4215 6837 3 4 4 5 2 3 2 2 1 4
4216 7311 3 3 3 3 3 3 3 3 1 3
4218 6837 2 1 1 2 1 2 2 2 1 4
4219 6872 3 3 3 3 3 3 3 3 2 3
4220 7365 5 4 5 5 4 5 2 3 2 4
4222 6849 3 2 2 4 2 4 2 2 2 3
4224 6840 1 1 1 1 1 1 1 1 2 4
4226 6840 4 4 4 4 4 4 3 3 2 4
4228 6831 4 4 4 4 3 4 4 3 1 3
4229 8269 5 5 5 5 2 4 4 5 2 3
4230 6833 4 3 5 4 3 4 2 2 2 3
4231 8269 3 2 2 2 3 2 2 2 2 3
4232 6844 4 4 5 5 5 5 4 5 1 3
4233 6852 3 2 3 3 2 3 2 2 2 3
4234 6847 3 3 4 2 3 3 3 3 1 3
4235 6852 3 4 4 4 4 4 3 4 1 3
4236 6851 2 2 2 2 4 4 1 1 2 4
4237 6845 5 5 5 5 1 5 5 2 2 3
4239 8272 1 1 1 1 1 1 1 5 1 3
4240 6848 3 3 3 2 2 2 2 3 2 3
4241 6848 3 1 2 3 4 4 2 4 2 3
4243 8272 4 4 5 4 4 4 3 3 1 3
4244 8273 3 3 5 5 1 5 1 5 2 4
4245 6850 4 3 3 4 3 4 2 2 2 3
4246 7311 2 3 4 3 2 4 3 2 2 3
4247 8272 1 1 1 1 1 1 1 1 2 3
4249 6854 4 4 4 4 4 4 4 4 2 4
4250 6854 4 3 3 4 1 4 1 3 1 4
4251 8274 4 1 3 4 1 1 1 1 1 4
4252 8274 1 1 1 1 1 1 1 1 1 4
4253 6854 3 3 3 3 3 4 3 3 2 4
4254 6854 3 3 4 2 3 2 1 3 1 4
4255 6853 5 5 5 5 5 5 5 5 2 4
4257 7229 3 1 3 3 2 4 2 2 2 1
4258 6853 2 2 5 4 1 4 5 3 2 4
4259 6843 2 3 2 2 3 3 2 2 1 4
4260 6850 2 2 4 4 4 4 3 5 2 3
4261 7311 4 4 4 4 2 4 1 4 1 3
4262 6848 3 2 4 4 5 4 4 1 2 3
4263 6844 3 3 4 4 3 3 3 3 1 3
4264 6853 4 2 3 3 2 3 2 3 2 4
4265 6315 4 4 4 4 3 4 3 3 2 2
4266 6853 4 4 5 5 4 4 2 3 2 4
4267 8263 4 3 3 3 3 4 3 2 1 4
4268 6844 4 4 4 4 3 3 2 2 1 3
4269 6844 1 1 1 1 1 1 1 1 1 3
4270 6853 5 5 5 5 5 5 1 5 2 4
4271 6845 4 4 4 4 4 4 2 3 2 3
4272 8277 4 4 4 4 4 4 4 4 2 4
4274 6853 3 3 3 4 2 4 3 3 2 4
4275 6844 3 3 3 3 2 3 3 2 1 3
4276 6844 4 3 3 3 3 3 3 3 1 3
4277 6844 1 1 1 1 1 1 1 1 1 3
4278 6847 4 3 4 3 3 4 4 4 1 3
4279 6849 3 2 2 4 4 3 2 2 2 3
4280 6853 3 3 3 4 3 4 3 3 2 4
4281 6617 1 1 1 1 1 1 1 1 1 3
4282 6853 4 3 4 4 3 4 3 4 2 4
4283 6850 3 4 2 2 3 4 1 4 2 3
4284 8293 3 2 3 2 1 2 1 3 1 4
4285 8286 3 3 4 2 1 3 1 2 2 3
4286 8286 4 4 5 5 1 5 5 5 2 3
4287 6889 4 4 4 4 4 4 4 4 2 3
4288 6895 4 4 4 4 4 4 4 3 1 3
4290 6895 3 3 4 3 4 4 2 4 1 3
4291 8287 1 1 1 1 1 1 1 1 2 3
4292 6891 3 3 3 4 1 4 1 1 2 3
4293 8284 1 1 1 2 1 1 1 1 1 3
4294 6890 5 5 5 5 4 5 4 4 1 3
4295 8286 4 4 3 5 1 4 1 1 2 3
4296 8285 3 2 2 4 1 4 1 3 1 3
4298 6894 4 4 5 4 5 4 4 4 2 3
4299 6895 3 3 3 3 3 3 3 3 1 3
4300 8287 4 3 2 2 2 2 1 4 1 3
4301 6891 2 2 2 2 2 2 4 4 2 3
4302 6895 4 4 4 4 3 4 4 4 1 3
4303 6895 4 4 4 4 3 3 1 2 1 3
4304 6890 3 2 2 2 2 2 2 2 1 3
4306 6895 4 3 4 3 2 4 3 4 1 3
4307 6892 5 5 5 5 1 4 2 1 2 3
4309 6894 3 4 4 3 1 4 3 3 2 3
4310 8286 1 1 1 1 1 1 1 1 2 3
4311 6892 3 3 4 4 2 4 4 5 2 3
4312 6890 3 3 3 4 4 3 2 3 1 3
4313 6894 1 1 1 1 1 1 1 1 2 3
4315 6811 1 1 1 1 1 1 1 1 1 3
4316 6909 4 3 4 4 4 4 3 4 1 3
4317 8294 4 4 4 4 3 4 3 3 1 3
4318 8260 2 2 2 2 2 2 2 2 1 3
4319 6908 3 4 4 4 4 5 2 2 1 3
4320 8295 1 1 1 1 3 3 1 2 1 3
4323 6908 4 4 4 4 4 4 4 4 2 3
4325 8295 2 1 1 1 -999 2 2 3 2 3
4326 6907 2 2 2 2 1 2 1 2 2 3
4327 6906 4 3 5 4 5 5 4 4 2 3
4328 7192 4 4 3 4 3 4 2 3 1 3
4329 8294 2 2 2 2 2 2 2 2 1 3
4330 7192 3 2 1 2 3 4 1 1 1 3
4331 6909 5 5 4 4 4 5 2 3 1 3
4332 8297 4 3 4 5 5 5 3 5 2 3
4334 6909 4 4 3 5 2 4 3 1 1 3
4335 6909 3 2 1 3 3 4 1 1 1 3
4336 8294 3 3 2 4 4 4 3 4 1 3
4337 8294 2 2 2 2 2 2 2 2 1 3
4340 6909 3 3 2 3 3 4 2 2 1 3
4341 6909 3 3 4 3 3 4 3 2 1 3
4343 6909 1 1 1 1 1 1 1 3 1 3
4344 6909 2 2 2 2 2 2 1 1 1 3
4345 7192 4 3 4 3 4 4 3 4 1 3
4346 6908 3 5 4 3 4 5 4 1 2 3
4347 7272 4 4 3 4 5 4 2 2 2 3
4350 7192 4 4 4 4 4 4 2 3 1 3
4351 6906 4 4 3 3 3 4 3 3 2 3
4352 6905 5 2 5 1 5 5 5 5 2 3
4353 8286 1 1 1 1 1 1 1 1 2 3
4354 6906 4 4 3 4 1 3 1 3 2 3
4355 7136 4 4 4 4 3 4 4 3 2 2
4357 7188 3 2 3 2 4 4 2 2 2 3
4358 6901 4 3 5 2 4 5 4 1 2 3
4360 6881 4 3 4 4 1 5 5 3 2 3
4361 6881 3 2 4 3 4 4 2 3 2 3
4362 6882 5 4 5 5 4 4 3 3 2 3
4364 6883 3 3 2 2 2 2 2 2 1 3
4365 6881 4 4 4 4 3 4 3 3 1 3
4366 8280 3 3 3 3 1 2 2 3 1 4
4368 6881 3 2 3 3 4 4 3 3 2 3
4370 6883 4 2 4 3 1 4 1 2 2 3
4373 6881 4 3 4 5 5 5 3 4 2 3
4374 6881 4 4 4 4 4 4 3 4 2 3
4375 6881 5 5 5 5 5 5 2 5 1 3
4376 6883 3 3 2 2 1 2 1 1 2 3
4377 6881 3 4 4 2 3 5 2 4 2 3
4378 6883 5 5 4 5 3 5 2 5 1 3
4379 6881 3 2 4 4 3 3 2 2 1 3
4380 7188 3 2 2 3 1 3 2 1 1 3
4381 7312 4 4 5 4 2 3 2 3 2 4
4382 6881 3 3 4 3 2 4 2 4 2 3
4383 8290 3 3 3 3 3 3 3 3 2 3
4384 8290 3 3 3 3 3 3 3 3 2 3
4385 8296 1 1 1 1 1 1 1 1 1 4
4386 6883 5 4 4 5 3 4 3 5 1 3
4387 6883 4 3 5 4 4 4 2 4 1 3
4388 6881 2 2 2 2 2 2 2 3 1 3
4389 6883 3 3 3 3 5 2 2 2 1 3
4390 6883 3 3 3 2 3 3 3 3 1 3
4391 6881 3 3 4 1 2 4 1 2 2 3
4392 8280 1 1 1 1 1 1 1 1 2 4
4393 7232 4 4 4 5 2 4 3 4 2 2
4394 6881 1 1 1 1 1 1 1 1 2 3
4396 6490 1 1 4 4 4 4 4 5 1 4
4397 6689 4 4 4 4 2 4 3 2 1 4
4398 8289 2 2 2 3 2 3 2 2 1 3
4399 6901 3 2 4 4 5 4 2 4 2 3
4400 6898 3 3 3 3 5 2 2 3 2 3
4401 6903 3 3 4 4 3 4 3 3 1 3
4402 8297 1 1 3 3 1 1 1 5 2 3
4403 6885 3 2 4 4 2 3 2 2 2 4
4404 6900 2 2 2 2 2 4 2 2 1 3
4405 7191 3 3 3 3 2 4 2 2 1 3
4406 8290 4 3 4 4 3 4 1 4 2 3
4407 6901 3 3 3 4 4 5 2 3 2 3
4408 6901 2 2 2 2 2 4 2 2 2 3
4410 6902 2 2 2 1 4 3 3 3 2 3
4411 6902 5 2 1 4 3 5 1 2 2 3
4412 6901 5 5 5 5 4 5 5 3 2 3
4414 7191 3 2 1 3 1 2 1 1 1 3
4415 7191 3 3 3 3 3 3 3 3 1 3
4416 6900 2 2 1 1 1 1 1 1 1 3
4417 6902 3 3 2 3 4 4 3 3 2 3
4418 6899 4 2 4 4 5 5 2 5 1 3
4421 6898 4 4 4 5 4 5 3 5 2 3
4422 6902 5 5 4 4 3 5 4 3 2 3
4423 6898 4 3 4 3 3 5 1 2 2 3
4425 7191 2 2 2 2 3 2 2 4 1 3
4427 7312 5 5 5 5 5 5 1 4 2 4
4428 6901 3 2 5 3 2 4 3 4 2 3
4429 7191 1 1 1 1 1 1 1 1 1 3
4430 6902 3 3 3 4 3 4 3 3 2 3
4431 7313 4 4 4 4 2 5 2 1 1 4
4432 7188 4 4 5 5 5 5 5 5 2 3
4433 7188 1 1 1 1 1 1 1 1 1 3
4434 7188 4 4 4 4 4 4 3 5 2 3
4435 6882 4 1 1 1 3 4 3 1 2 3
4436 7188 5 5 4 5 3 4 2 3 1 3
4437 7188 2 1 2 2 2 2 1 2 2 3
4438 7188 4 4 4 3 5 5 2 3 1 3
4439 6883 4 2 4 4 3 4 4 4 1 3
4440 7188 5 4 5 4 4 4 3 4 2 3
4441 7188 3 2 1 2 2 2 2 2 2 3
4442 7188 4 3 4 3 5 3 3 3 2 3
4443 7188 4 4 4 3 4 5 2 4 1 3
4444 6881 1 1 1 1 3 2 5 3 1 3
4445 7188 2 3 2 3 3 4 2 1 1 3
4446 7188 2 2 1 3 4 3 1 1 1 3
4447 7188 4 3 2 4 3 4 1 1 1 3
4448 7188 5 3 3 5 2 4 5 1 1 3
4449 7188 1 1 1 1 1 1 1 1 1 3
4450 7188 4 4 4 3 4 4 1 4 2 3
4451 7188 1 1 1 1 5 1 1 5 1 3
4452 7188 1 1 1 1 1 1 1 1 2 3
4453 7188 5 5 5 5 1 5 3 3 2 3
4454 7188 3 3 3 3 2 3 3 3 2 3
4455 7188 4 4 5 5 5 5 3 3 2 3
4456 7188 5 5 4 3 1 5 4 1 2 3
4457 7188 1 1 2 1 4 1 1 1 2 3
4458 7188 4 4 4 4 5 5 3 4 2 3
4459 7188 4 3 3 2 4 3 2 4 2 3
4460 7188 1 1 1 1 1 1 1 1 1 3
4461 7188 1 1 1 1 1 1 1 1 1 3
4462 7188 3 3 3 3 3 3 3 3 1 3
4463 7188 2 2 2 1 3 3 1 1 1 3
4464 7330 4 4 4 4 4 4 4 4 2 3
4465 7188 4 4 4 2 1 4 1 2 2 3
4466 7188 4 4 4 4 1 5 4 3 2 3
4468 7188 2 2 1 3 2 4 2 2 1 3
4469 7188 3 4 3 4 3 4 3 4 1 3
4470 6883 4 4 4 4 4 4 2 3 1 3
4471 7188 1 1 1 1 1 1 1 1 2 3
4472 8301 2 2 2 2 2 2 2 2 2 4
4474 8301 3 3 3 3 3 3 3 3 1 4
4475 8301 2 2 2 2 2 2 2 2 1 4
4476 7315 2 2 2 2 1 3 2 2 2 4
4477 6910 3 3 2 4 2 2 1 1 1 4
4478 7312 1 1 2 1 1 1 1 2 1 4
4479 6881 1 1 1 1 1 1 1 1 1 3
4480 7187 3 4 4 3 3 4 3 3 1 4
4482 7317 4 2 4 4 4 4 4 2 1 3
4484 6900 4 3 5 4 2 3 1 2 1 3
4485 8294 5 4 5 3 2 4 3 5 1 3
4486 6900 3 3 2 4 3 3 2 1 1 3
4487 6879 2 2 3 2 4 2 2 4 2 4
4488 6879 3 1 2 2 1 3 2 1 2 4
4489 6879 4 3 4 4 3 4 4 2 2 4
4490 6879 4 2 2 5 3 4 4 2 2 4
4491 6340 1 1 1 1 1 1 1 1 1 2
4492 8291 2 2 3 3 1 4 2 3 2 3
4493 6879 2 1 1 2 1 1 1 2 2 4
4494 6880 1 1 1 1 1 1 1 1 2 4
4495 6888 4 4 4 4 1 4 1 1 1 4
4496 6914 1 1 2 1 1 1 1 1 2 4
4497 6914 3 4 3 5 1 5 1 1 1 4
4499 6914 4 4 5 4 1 5 2 2 1 4
4500 8300 1 1 1 1 1 1 1 1 2 4
4501 8137 5 3 5 5 1 5 3 3 2 2
4502 8279 3 2 3 4 1 3 1 2 2 4
4503 6887 4 3 4 4 2 4 2 3 2 4
4505 6620 2 5 1 4 1 3 1 1 2 3
4506 6887 4 4 5 5 3 5 2 2 2 4
4507 6887 5 5 5 5 4 5 4 3 1 4
4509 6884 5 4 4 5 5 4 5 5 1 4
4510 6356 5 5 5 4 4 5 5 5 2 2
4511 6884 4 3 3 3 4 3 3 3 2 4
4512 8131 2 2 2 2 2 2 2 2 1 2
4513 6884 4 3 2 4 1 4 1 1 2 4
4514 8281 1 1 1 4 1 1 1 1 2 3
4515 6884 2 2 3 4 2 4 2 2 2 4
4516 6884 5 5 5 5 5 5 3 5 2 4
4517 6834 5 5 5 5 4 5 5 3 2 3
4518 6913 4 3 4 4 1 3 2 1 1 4
4519 6912 4 1 4 4 3 3 2 4 2 4
4520 6912 5 5 5 5 1 4 5 5 2 4
4521 6913 3 3 2 2 1 4 2 2 1 4
4522 6912 3 3 4 4 2 4 1 2 2 4
4523 6912 2 2 2 2 2 2 2 2 1 4
4524 6913 3 1 4 4 3 4 1 2 2 4
4525 6912 3 1 1 1 1 1 1 1 2 4
4526 6913 4 3 3 2 2 4 2 3 2 4
4527 6912 3 2 3 3 4 4 2 2 1 4
4528 8299 1 1 1 1 1 1 1 1 2 4
4529 6912 4 5 3 4 1 3 2 1 2 4
4530 6913 3 2 2 3 2 3 2 2 2 4
4531 6913 3 2 4 3 1 4 1 2 2 4
4532 6913 5 5 5 4 3 5 4 5 2 4
4533 6912 4 3 5 5 5 5 4 5 1 4
4536 8299 1 1 1 1 1 1 1 1 1 4
4537 8299 3 3 3 3 4 3 2 3 2 4
4538 8299 1 1 1 1 1 1 1 1 1 4
4539 6912 4 3 5 3 3 5 2 2 2 4
4540 6912 4 4 2 4 1 5 2 2 2 4
4541 6912 1 1 1 1 1 1 1 1 1 4
4542 6913 3 2 3 3 2 3 2 1 1 4
4543 6912 1 1 3 1 1 2 2 2 1 4
4544 6913 3 2 4 2 4 3 2 5 1 4
4545 6913 3 3 3 4 2 4 2 3 1 4
4547 6913 4 4 4 4 2 4 1 2 2 4
4548 6912 5 5 5 5 3 3 4 5 1 4
4549 6913 3 3 3 3 2 5 3 3 1 4
4550 8299 1 1 1 1 1 1 1 1 1 4
4551 6912 5 5 5 5 2 5 4 5 2 4
4552 6913 4 4 4 3 4 4 3 4 1 4
4553 6912 2 2 5 4 5 5 2 5 1 4
4554 6913 5 4 5 4 5 4 3 4 1 4
4555 6913 4 4 4 4 4 4 4 4 1 4
4556 8299 2 3 2 2 3 3 2 3 1 4
4557 6912 1 1 1 1 1 1 1 1 1 4
4558 6913 4 4 4 5 3 5 3 3 2 4
4560 6913 4 5 2 2 2 4 1 2 1 4
4561 6330 1 1 1 1 4 1 1 1 1 2
4562 7314 3 3 3 2 1 4 3 3 2 3
4563 6911 4 5 5 5 3 5 3 3 2 4
4565 6348 5 5 5 5 1 5 5 3 2 2
4566 7190 3 3 3 3 3 3 3 3 1 4
4567 7190 4 4 4 4 4 4 4 3 2 4
4568 7190 1 1 1 1 1 1 1 1 1 4
4570 8298 5 4 5 4 4 5 5 5 1 4
4571 6894 4 4 3 5 1 3 3 2 2 3
4572 8286 3 3 3 3 3 3 3 3 2 3
4573 7190 3 3 3 3 3 3 3 3 2 4
4574 6911 2 2 2 2 2 4 2 4 2 4
4575 7190 4 3 3 4 4 4 4 4 1 4
4576 6897 4 3 3 3 4 4 3 3 2 4
4577 6888 4 4 5 5 2 4 2 3 2 4
4578 7190 4 4 4 4 3 4 3 3 1 4
4579 8287 1 1 1 1 1 1 1 1 1 3
4580 8303 1 1 1 1 4 2 2 1 1 4
4581 6897 3 3 3 3 3 3 3 3 2 4
4582 6890 3 3 3 3 3 3 3 3 1 3
4583 6714 4 4 5 4 5 4 4 5 2 3
4585 7190 4 4 2 2 4 4 2 2 1 4
4586 8136 2 1 1 1 1 1 1 2 1 2
4587 9996 1 1 1 2 1 3 1 2 1 4
4588 6892 1 1 1 1 5 1 1 4 2 3
4589 7314 3 2 5 4 4 4 3 4 2 3
4590 7190 3 3 3 3 3 3 3 3 1 4
4592 7190 4 3 5 4 1 5 5 4 2 4
4593 8286 1 1 1 1 1 1 1 1 2 3
4594 7190 3 3 3 3 3 3 3 3 1 4
4596 7315 1 1 1 1 1 1 1 1 1 4
4597 6892 4 4 4 4 4 4 3 2 2 3
4598 7189 3 2 3 4 4 4 2 4 1 3
4599 7190 5 4 5 5 3 5 3 3 2 4
4601 7190 4 4 4 4 4 4 4 4 2 4
4602 7190 1 1 1 1 1 1 1 1 1 4
4605 6880 3 3 3 2 2 2 2 3 1 4
4606 6880 3 3 3 3 3 3 3 3 1 4
4607 6880 3 3 3 3 3 3 3 3 1 4
4608 7307 3 3 3 3 3 3 3 3 1 4
4609 6880 3 3 3 3 3 3 3 3 1 4
4610 6880 3 3 3 3 3 3 3 3 1 4
4611 6880 2 2 2 2 2 2 2 2 2 4
4612 6880 4 4 4 4 4 4 3 3 2 4
4613 6880 3 2 2 3 3 3 3 2 2 4
4614 6880 2 3 5 3 5 5 1 5 2 4
4616 6839 4 4 4 5 4 5 2 5 2 4
4617 6832 3 4 4 4 3 4 2 3 2 3
4618 6888 3 4 2 5 1 3 1 1 1 4
4619 8245 3 4 5 1 4 4 3 2 2 3
4620 7257 4 4 3 4 2 4 4 3 2 2
4621 6880 4 4 4 3 3 4 2 3 2 4
4622 6880 4 3 4 4 4 4 4 4 2 4
4624 6880 4 4 3 4 3 3 5 3 2 4
4627 6880 4 2 1 4 2 3 1 1 2 4
4628 6880 1 1 1 1 1 1 1 1 2 4
4629 6880 5 3 4 4 4 5 3 2 2 4
4630 6880 3 3 4 3 3 3 3 5 2 4
4631 6880 4 5 3 5 1 4 4 1 1 4
4632 6880 1 1 1 1 1 1 1 1 1 4
4633 6879 4 4 4 1 1 1 1 1 1 4
4634 6880 3 3 3 3 3 3 3 3 1 4
4635 7316 1 2 2 1 2 2 2 2 1 4
4636 6880 3 3 3 3 2 2 2 2 1 4
4637 8279 3 1 1 1 2 1 1 1 1 4
4638 6880 2 2 2 2 2 2 2 2 1 4
4639 6880 3 3 3 3 3 3 3 3 1 4
4641 7316 1 1 1 1 1 1 1 1 1 4
4642 6880 4 5 3 4 3 5 3 2 1 4
4643 8281 1 1 1 1 1 1 1 1 1 3
4644 6880 4 2 4 4 4 4 1 1 2 4
4645 6880 2 1 2 1 3 1 1 1 2 4
4646 6880 1 1 1 1 1 1 1 1 1 4
4647 6880 2 3 3 3 3 3 3 3 1 4
4648 6880 4 3 3 3 3 2 1 1 1 4
4652 6979 4 4 3 2 4 5 1 3 2 3
4653 6975 1 1 1 1 4 1 1 1 1 3
4654 6970 2 2 3 3 2 4 3 4 1 3
4656 6972 1 1 1 1 4 4 1 1 2 3
4657 6975 2 1 2 2 2 3 3 1 1 3
4658 6972 5 5 4 1 3 5 1 1 1 3
4659 6972 4 4 4 3 1 3 3 3 1 3
4660 6972 1 1 1 1 1 1 1 1 1 3
4661 6972 3 3 3 4 3 4 3 2 1 3
4663 8324 3 3 2 2 1 1 1 1 1 3
4665 8325 2 2 2 2 1 2 1 2 1 4
4666 8309 1 1 2 1 1 1 1 1 1 4
4667 6972 5 3 5 3 5 4 1 3 1 3
4668 6972 4 2 4 2 4 4 2 5 2 3
4669 6976 4 4 5 4 4 4 4 5 2 3
4672 8325 4 3 4 3 4 4 2 3 1 4
4673 8325 1 1 1 1 1 1 1 1 1 4
4674 7324 5 1 5 5 1 4 1 2 2 4
4675 6974 5 5 5 5 5 5 5 5 2 3
4676 6974 2 3 5 2 5 5 1 1 2 3
4677 6976 4 3 4 3 3 4 3 4 2 3
4678 6975 3 1 3 1 1 4 1 1 1 3
4679 6970 4 4 3 5 3 5 2 1 1 3
4680 6979 4 4 3 4 3 4 2 3 2 3
4681 6970 3 3 4 4 4 4 4 2 1 3
4682 6977 3 3 3 4 1 4 1 1 1 3
4683 6979 4 3 3 2 3 3 3 3 2 3
4684 7202 3 3 3 4 4 4 2 2 2 3
4685 6972 4 4 2 3 3 4 1 2 2 3
4686 8323 1 1 1 1 1 2 1 1 2 3
4687 6979 4 4 4 4 2 4 3 3 2 3
4689 6976 4 5 4 5 4 5 5 2 2 3
4690 6971 4 2 4 2 1 1 1 1 1 3
4691 6972 3 1 4 2 1 3 1 4 1 3
4694 6918 2 3 2 2 1 2 2 2 1 3
4697 6920 2 1 1 1 4 2 1 3 2 3
4698 6918 2 2 2 2 2 2 2 2 1 3
4699 8306 1 3 5 4 3 4 5 4 1 3
4700 6922 4 4 5 5 5 5 1 1 1 3
4701 6963 5 5 5 4 5 5 5 3 2 4
4702 6918 4 5 4 2 2 4 1 1 1 3
4703 6923 4 3 2 1 2 4 2 1 2 3
4704 6922 1 1 1 1 3 4 1 1 1 3
4705 6923 4 4 4 5 3 4 1 3 2 3
4706 7346 5 3 3 5 1 4 2 2 2 3
4707 6918 4 3 2 4 2 3 3 2 1 3
4708 6922 2 2 2 3 2 3 2 3 1 3
4709 6918 2 2 2 2 2 2 1 3 1 3
4710 6918 2 2 2 2 2 4 2 2 1 3
4711 6922 4 4 4 4 4 4 4 4 1 3
4712 6924 5 5 5 5 5 5 5 3 1 3
4713 6918 4 4 4 4 4 5 2 3 1 3
4714 8309 4 3 4 4 5 5 3 5 1 4
4715 7324 5 4 4 5 3 5 2 2 2 4
4716 6920 5 4 5 4 4 4 4 4 2 3
4717 8306 4 4 1 4 3 5 1 2 1 3
4718 6922 4 5 4 5 4 5 1 1 1 3
4719 8306 1 1 1 1 1 1 1 1 1 3
4720 6920 5 5 5 5 5 5 5 5 2 3
4721 8309 4 2 3 4 3 3 2 3 1 4
4722 6881 4 3 3 2 3 4 2 3 2 3
4723 7202 1 1 1 1 1 1 3 1 1 3
4724 6924 1 1 2 2 4 3 1 1 1 3
4725 6918 4 3 4 4 3 4 1 1 1 3
4726 6923 4 3 4 4 4 4 1 4 2 3
4727 6920 4 3 3 3 3 3 2 3 2 3
4729 6918 1 1 1 1 1 1 1 1 1 3
4730 6922 5 5 5 5 3 5 4 5 1 3
4731 6923 4 4 4 4 3 5 3 3 2 3
4732 6938 4 4 4 4 1 3 3 1 1 3
4733 6937 2 4 3 2 3 2 2 2 2 3
4734 7196 4 4 4 5 4 5 3 3 2 3
4735 7196 3 2 4 1 5 2 1 1 2 3
4736 6938 3 3 3 4 4 3 2 2 1 3
4737 6937 5 5 5 5 4 5 3 2 2 3
4738 8315 1 1 1 1 1 2 1 3 2 3
4739 7196 3 3 3 3 3 3 3 3 1 3
4740 6937 4 4 5 5 3 5 2 3 2 3
4741 6937 3 3 3 3 3 3 3 3 2 3
4742 6938 2 4 2 2 3 5 1 1 1 3
4743 8314 4 1 4 4 4 2 2 1 2 4
4744 6938 1 1 1 3 1 1 1 2 1 3
4745 6937 4 3 4 4 3 4 2 3 2 3
4746 6937 3 3 3 3 3 3 3 3 2 3
4747 6938 3 3 3 4 3 4 3 3 1 3
4748 6937 5 4 5 4 2 5 1 1 2 3
4749 7319 4 3 2 4 1 3 2 2 1 3
4750 8317 5 3 4 5 3 3 3 2 1 3
4752 6939 4 4 3 4 4 4 2 3 1 4
4753 7196 3 3 3 4 1 4 2 2 1 3
4754 8315 4 2 4 2 2 2 2 2 1 3
4755 6938 5 5 5 5 5 5 3 5 1 3
4756 7196 5 5 5 5 4 5 3 2 1 3
4757 7196 4 4 4 4 4 4 2 4 2 3
4758 6937 4 4 3 2 3 4 1 2 2 3
4759 7196 3 1 2 1 3 1 1 1 1 3
4760 6937 5 4 4 3 2 5 4 4 2 3
4761 7196 3 2 2 2 4 4 3 2 1 3
4762 6938 3 3 3 3 3 4 3 2 1 3
4763 6937 3 5 4 2 5 2 4 5 2 3
4764 6937 2 2 4 2 4 4 1 2 2 3
4765 6937 3 2 1 4 1 4 1 1 2 3
4766 6938 4 4 4 4 5 5 4 4 1 3
4767 7196 1 1 1 1 1 1 1 1 1 3
4768 7196 2 2 2 2 5 4 3 4 1 3
4769 6937 4 4 4 3 5 4 1 1 2 3
4770 6937 5 4 5 4 3 5 5 2 2 3
4771 6937 5 4 4 5 3 3 3 3 2 3
4772 6939 3 4 4 4 5 5 4 5 2 4
4773 6938 4 4 4 5 2 3 2 2 1 3
4775 6942 2 2 2 3 2 4 1 2 1 3
4776 8319 4 4 3 4 2 3 2 2 1 3
4778 6942 3 2 4 3 4 4 2 1 1 3
4779 6940 3 2 4 4 1 1 1 1 1 3
4780 6946 5 4 5 5 2 4 2 4 2 3
4781 6946 4 3 4 4 2 4 4 2 2 3
4782 6941 4 2 2 2 2 2 1 2 2 3
4783 7198 4 4 5 4 4 4 5 2 1 3
4784 8319 3 3 3 2 2 3 1 3 2 3
4785 7198 2 2 4 2 2 2 2 4 1 3
4786 6945 4 4 5 4 4 4 2 5 2 3
4787 8319 4 3 4 4 5 5 2 1 1 3
4789 6941 2 1 1 1 3 1 1 1 2 3
4791 6261 4 4 4 3 4 4 3 3 1 2
4792 6942 4 4 4 4 3 3 3 4 1 3
4793 6944 1 1 1 1 1 1 1 1 2 3
4794 6943 5 5 5 4 1 2 2 2 2 3
4795 6946 5 5 5 5 5 5 1 4 2 3
4796 6943 2 4 5 2 4 5 2 5 2 3
4797 6404 3 3 4 3 3 3 3 3 2 2
4798 6241 4 4 5 4 4 5 2 3 2 2
4799 8320 2 2 2 4 1 3 4 3 1 3
4800 6948 4 1 4 3 1 4 1 2 1 3
4801 6946 2 2 2 2 3 3 1 1 2 3
4803 6940 4 4 4 4 2 4 3 2 1 3
4804 8320 3 3 3 3 4 4 4 4 1 3
4806 6945 5 5 5 5 5 5 5 5 2 3
4807 6947 5 4 4 5 2 4 3 1 1 3
4808 6946 4 4 4 4 4 5 2 3 2 3
4809 8320 1 1 1 1 1 1 1 1 2 3
4811 6958 2 1 2 2 2 2 2 2 1 3
4813 8319 5 1 5 5 1 5 1 3 1 3
4814 6941 2 1 4 3 4 4 1 3 2 3
4815 8319 3 3 3 3 3 3 3 3 2 3
4816 6943 4 3 4 4 5 5 4 2 2 3
4817 6945 4 4 5 5 2 5 5 5 2 3
4818 6946 4 1 4 4 2 3 1 3 2 3
4819 8320 2 2 2 2 2 2 2 2 1 3
4820 6930 5 3 5 5 3 4 2 1 1 4
4821 6917 3 2 4 4 4 4 2 3 1 4
4822 7193 2 3 2 4 4 4 1 1 1 3
4823 8311 1 1 1 1 1 1 1 1 1 3
4824 6929 2 3 3 4 2 3 1 1 1 4
4826 6926 4 3 4 4 3 4 2 4 1 3
4827 6926 1 1 1 3 3 4 1 1 1 3
4828 6925 3 3 3 3 2 3 3 2 1 3
4829 7194 4 3 3 3 4 4 2 3 1 3
4831 8104 3 3 4 4 3 3 3 3 1 2
4833 7194 2 4 3 3 3 5 1 1 1 3
4834 7193 3 3 4 3 3 4 5 3 2 3
4835 6930 4 5 5 4 2 5 2 4 1 4
4836 8317 5 5 5 5 3 4 5 3 1 3
4837 6926 3 1 1 4 2 1 1 1 1 3
4838 6929 2 2 2 2 2 4 2 2 1 4
4839 6927 3 3 2 1 1 4 1 1 2 3
4840 6929 4 5 4 3 2 4 4 2 2 4
4841 6966 3 4 5 2 3 5 1 3 2 4
4842 6929 5 4 5 5 4 5 5 5 2 4
4843 8311 3 1 1 2 2 1 1 1 2 3
4844 6930 3 4 4 4 5 5 3 2 2 4
4845 7241 5 4 5 5 2 5 5 4 2 2
4846 7320 2 2 2 3 4 4 1 1 2 3
4847 7193 3 2 1 3 3 3 1 4 2 3
4848 6925 4 4 5 5 1 4 1 1 1 3
4849 7322 3 2 3 4 3 3 2 2 1 3
4850 6929 4 4 4 4 4 4 4 3 1 4
4851 7193 4 3 3 2 1 4 2 3 1 3
4853 7193 2 2 2 2 2 2 2 2 2 3
4854 7193 3 2 4 4 4 4 3 3 2 3
4855 6966 2 2 3 4 1 4 2 2 2 4
4856 6927 4 3 4 3 3 4 3 3 2 3
4857 7321 4 4 4 2 4 4 2 5 2 3
4860 6953 3 2 3 4 1 3 1 4 2 3
4862 6955 4 4 3 2 5 4 1 4 2 3
4864 6952 4 4 3 4 3 4 3 3 2 3
4865 6952 1 1 1 1 1 1 1 1 2 3
4866 6952 4 4 4 4 4 4 4 3 2 3
4867 6953 4 4 5 5 3 4 5 3 2 3
4870 7199 1 1 1 1 1 1 1 1 1 3
4871 6954 4 4 4 4 4 4 4 4 1 3
4872 7199 3 3 3 3 4 3 3 3 1 3
4873 6951 5 5 5 5 4 5 4 5 1 3
4874 6954 1 1 1 1 1 1 1 1 1 3
4875 6953 4 3 3 3 2 4 2 4 2 3
4876 6506 2 1 4 3 4 1 1 3 2 3
4877 6953 4 4 4 4 5 3 4 3 2 3
4879 7220 4 4 4 5 1 4 2 1 2 1
4880 6955 4 4 4 4 3 5 3 4 2 3
4882 7199 3 3 4 3 2 2 2 2 1 3
4883 8322 1 1 1 1 1 1 1 1 2 3
4884 6955 5 4 4 4 4 4 4 4 2 3
4885 6955 3 3 3 4 4 4 3 3 2 3
4886 8322 3 3 3 3 3 3 3 3 2 3
4890 6954 3 3 3 3 3 3 3 3 1 3
4891 6951 4 4 5 4 1 5 3 3 1 3
4893 7199 1 1 1 1 2 1 1 1 1 3
4894 6954 3 3 3 3 3 3 3 3 1 3
4895 8104 4 3 4 4 1 4 1 4 2 2
4896 6921 1 1 3 2 3 4 1 1 1 4
4897 6921 4 4 4 4 4 4 4 3 1 4
4899 6919 3 4 4 3 2 1 1 1 1 3
4900 8308 3 1 1 2 1 3 1 2 2 4
4902 6918 3 2 4 3 3 1 1 1 1 3
4903 8305 3 3 3 3 3 3 3 3 1 3
4904 6919 3 3 3 4 3 4 2 3 1 3
4905 7321 2 2 2 3 3 3 2 2 1 3
4906 6939 3 3 4 4 2 4 1 1 1 4
4907 6939 3 4 4 3 2 4 1 1 1 4
4908 8318 4 4 4 3 4 4 4 4 2 4
4909 8318 3 2 4 3 4 4 2 3 2 4
4910 6939 1 1 1 1 1 1 1 1 1 4
4911 6932 5 3 4 4 2 5 3 3 2 4
4912 6931 2 3 3 3 3 3 3 1 1 4
4913 6931 5 3 5 4 4 4 3 4 2 4
4914 6931 5 2 5 5 5 4 3 3 2 4
4915 6932 3 3 2 3 2 4 2 2 2 4
4916 6931 5 2 5 2 3 4 1 1 2 4
4917 6931 4 2 5 3 1 1 1 1 2 4
4918 6936 4 4 4 4 4 4 4 4 2 3
4919 6936 2 2 3 3 2 2 3 3 2 3
4920 8313 4 3 4 3 2 3 2 3 2 3
4921 6934 3 2 3 2 2 2 2 2 1 3
4922 6934 4 3 4 4 3 4 3 4 1 3
4923 6933 3 2 1 1 1 1 1 1 2 3
4924 6935 4 4 3 4 1 3 1 3 1 3
4925 6935 3 3 3 2 2 3 1 1 1 3
4926 6964 4 4 5 4 4 5 4 5 2 4
4927 6964 4 4 4 4 3 4 2 3 1 4
4928 6964 3 3 3 3 4 3 2 3 2 4
4929 6964 3 3 2 2 2 3 3 3 1 4
4930 6964 3 3 2 4 2 4 2 3 1 4
4931 6964 4 3 4 4 4 4 3 4 2 4
4932 7198 4 5 4 5 4 4 4 4 1 3
4933 6965 4 4 5 4 4 4 4 4 1 4
4934 6942 2 1 1 1 2 3 1 1 1 3
4935 6957 3 1 1 1 1 1 1 3 1 3
4936 6957 1 1 1 1 1 1 1 5 1 3
4937 6965 4 4 4 4 3 4 4 3 2 4
4939 6971 4 4 4 4 5 5 3 5 1 3
4940 6942 4 4 4 4 2 4 4 3 1 3
4941 6965 1 1 1 1 1 1 1 1 1 4
4942 6956 2 2 2 1 1 2 2 2 2 3
4943 6956 4 4 4 4 4 4 4 4 2 3
4944 8320 3 3 3 3 3 3 3 3 1 3
4945 6960 5 4 4 4 3 4 3 3 2 4
4946 8320 1 1 1 2 1 1 1 1 1 3
4947 8314 4 4 4 5 1 5 1 3 2 4
4948 7084 1 1 4 2 1 2 1 1 1 4
4949 6960 3 2 3 5 1 2 2 4 2 4
4950 7084 3 3 2 5 2 4 1 1 1 4
4951 8320 2 2 2 2 2 2 2 2 1 3
4952 7084 4 4 4 4 4 4 2 2 2 4
4953 6257 3 3 3 3 2 4 2 2 1 2
4954 6959 2 2 2 2 2 2 2 2 1 4
4955 6959 2 2 2 2 2 2 2 2 1 4
4956 8312 3 3 3 4 2 3 3 2 1 4
4957 6950 5 5 5 4 2 5 3 5 1 4
4958 8155 4 4 3 4 2 4 3 2 2 2
4959 6950 4 3 4 4 4 4 4 4 2 4
4960 6949 3 3 3 4 1 3 3 2 2 4
4961 6950 4 4 4 4 5 4 4 5 2 4
4962 6950 3 3 4 4 3 5 3 2 2 4
4963 6950 3 3 5 3 4 4 2 2 2 4
4964 6141 3 4 4 4 5 4 3 2 1 1
4965 6950 3 2 3 4 4 2 1 3 2 4
4966 6950 2 2 2 2 4 4 2 4 2 4
4967 7325 3 4 2 1 1 1 1 1 1 3
4968 6950 2 2 2 2 1 1 1 1 2 4
4969 6950 1 1 1 1 1 1 1 1 1 4
4970 6950 1 1 1 1 1 1 1 1 1 4
4971 6950 4 3 4 5 5 3 4 5 2 4
4972 6950 5 3 5 5 3 4 3 5 1 4
4973 6950 4 4 4 2 4 4 3 4 1 4
4974 6950 3 2 2 2 2 2 2 2 1 4
4975 8093 1 1 1 1 1 1 1 1 2 2
4976 7198 3 3 3 3 1 3 1 2 1 3
4978 6950 5 5 5 5 5 5 4 4 2 4
4979 6950 4 4 4 4 5 5 2 4 2 4
4980 7320 3 3 5 4 3 3 5 5 2 3
4982 6950 2 2 2 4 1 3 1 1 1 4
4983 6950 3 2 4 4 3 4 3 4 1 4
4985 6950 5 5 5 5 1 4 1 2 2 4
4986 7339 4 3 4 4 4 5 3 2 2 4
4987 6950 4 4 4 4 3 4 3 3 2 4
4988 6950 2 2 2 2 2 2 2 2 1 4
4989 6239 4 3 4 4 4 3 2 3 2 4
4990 6950 3 2 3 4 2 4 1 2 1 4
4991 9008 3 3 3 3 3 3 3 3 2 2
4992 6950 5 4 5 4 5 5 3 5 1 4
4993 6950 4 5 5 5 2 5 2 1 2 4
4994 6950 5 4 4 4 5 4 4 4 1 4
4995 6950 1 1 1 1 1 1 1 1 1 4
4996 6968 3 2 4 1 3 2 2 4 2 4
4997 6966 1 1 1 1 3 3 1 2 2 4
4999 6930 4 1 1 3 3 2 2 1 2 4
5000 6967 4 1 1 1 4 1 1 1 1 4
5002 6966 5 2 4 4 1 3 2 4 2 4
5004 6928 2 2 2 2 3 2 2 2 2 3
5005 8312 2 2 2 2 2 2 2 2 1 4
5006 6966 3 2 2 3 3 3 2 2 1 4
5007 6930 4 5 3 5 1 4 1 1 2 4
5008 6966 4 3 4 4 3 5 1 2 1 4
5009 6968 3 3 3 3 2 3 1 1 2 4
5010 6966 5 4 3 5 3 5 2 3 1 4
5011 6966 2 4 3 4 2 4 2 1 2 4
5012 7201 4 2 3 3 5 3 2 4 2 4
5013 8304 1 1 1 1 1 1 1 1 1 4
5014 8304 1 1 1 1 1 1 1 1 1 4
5015 7367 1 1 1 1 1 1 1 1 2 4
5016 6966 3 3 4 3 3 4 2 1 2 4
5017 8317 3 3 3 4 2 4 2 2 1 3
5018 7361 4 3 2 3 2 3 1 1 2 3
5019 6966 4 3 5 4 3 5 3 4 2 4
5021 6966 2 3 2 2 2 2 2 2 1 4
5022 8311 2 2 2 2 5 5 2 5 1 3
5023 6966 2 2 1 3 2 2 1 1 1 4
5024 7201 3 3 4 3 5 4 2 3 1 4
5025 6969 3 3 3 3 3 3 3 3 2 4
5026 7322 1 1 1 1 1 1 1 1 1 3
5027 8311 4 4 3 4 2 4 1 1 2 3
5028 6966 3 2 3 4 3 3 1 3 1 4
5029 7321 2 2 2 2 2 2 2 2 1 3
5030 6966 5 5 5 4 1 5 5 2 1 4
5031 6966 5 5 5 5 5 5 3 5 2 4
5033 6966 4 4 4 3 4 5 4 2 2 4
5034 6967 3 4 3 4 1 4 3 2 1 4
5035 7200 4 4 4 4 2 4 3 4 1 4
5036 6961 3 2 2 2 2 2 2 2 2 4
5038 6918 4 2 4 3 4 4 1 4 1 3
5039 7325 3 2 2 2 2 3 2 2 1 3
5040 6961 2 2 2 2 2 2 2 2 1 4
5041 7200 3 4 3 3 1 1 1 5 1 4
5042 6388 4 4 5 5 5 5 4 3 2 2
5043 9018 1 1 1 1 1 1 1 1 1 4
5044 6961 4 3 3 3 3 3 3 3 1 4
5045 6177 2 1 1 1 3 1 1 1 1 4
5046 6961 1 1 1 1 1 1 1 1 2 4
5047 6961 4 4 4 4 4 5 2 2 2 4
5048 6961 1 1 1 1 1 1 1 1 1 4
5049 7200 3 2 2 3 2 4 1 1 2 4
5050 6224 3 2 2 1 4 2 2 1 1 2
5051 7200 4 2 4 3 4 2 2 2 1 4
5053 6961 4 4 4 4 4 4 4 4 2 4
5055 6961 2 2 2 2 2 1 1 1 2 4
5056 7200 1 2 2 3 2 5 3 1 2 4
5058 7194 5 5 5 5 2 5 2 1 1 3
5061 7200 5 1 1 5 4 3 1 4 1 4
5062 6961 4 4 3 4 3 4 1 1 1 4
5063 7200 4 3 3 1 4 4 1 2 1 4
5064 7200 2 3 1 1 1 3 1 1 2 4
5065 7200 3 3 3 3 3 3 3 3 2 4
5068 7139 4 4 4 4 3 4 4 4 1 2
5069 7200 4 2 3 3 2 2 2 2 1 4
5070 7200 1 1 1 1 2 4 1 1 1 4
5071 6961 4 4 4 2 2 4 2 3 2 4
5072 6961 5 3 5 5 2 5 5 4 2 4
5074 6982 4 4 4 4 3 4 3 3 1 3
5076 8326 2 1 1 3 4 2 1 1 1 4
5077 6983 3 3 2 3 4 3 4 3 1 4
5079 6980 4 4 4 5 1 5 1 2 2 3
5080 6981 4 4 4 4 3 4 5 3 2 4
5081 7263 3 3 3 4 3 3 3 3 2 2
5082 6984 4 3 4 5 1 4 2 1 2 3
5083 6982 4 4 4 4 4 4 4 2 2 3
5085 8342 3 3 5 3 3 4 3 3 1 3
5086 6983 4 4 5 4 3 5 3 3 2 4
5088 6982 3 3 3 3 3 4 3 1 2 3
5089 7203 5 5 5 3 3 5 4 3 2 4
5090 6982 4 5 3 2 5 4 1 3 2 3
5091 7203 1 1 1 1 1 1 1 1 1 4
5092 6982 5 5 5 5 1 5 4 3 1 3
5094 6984 5 4 5 5 5 5 3 4 1 3
5095 7203 1 1 1 1 1 4 1 1 1 4
5097 6983 4 4 4 4 4 4 3 3 2 4
5098 6982 4 3 2 4 2 4 2 2 2 3
5099 7203 5 5 5 5 5 5 4 3 2 4
5100 6983 4 3 3 2 4 4 4 3 1 4
5101 6983 2 2 3 1 1 1 1 1 1 4
5102 6982 3 3 3 3 3 3 3 3 1 3
5103 6981 4 4 4 3 3 4 3 3 2 4
5104 6980 4 2 4 5 2 4 1 2 1 3
5105 7203 1 1 1 1 1 1 1 1 1 4
5107 6984 2 2 2 2 5 2 1 1 1 3
5109 6980 4 4 3 4 3 4 4 2 2 3
5110 7324 4 3 4 4 4 4 2 3 2 4
5111 6982 4 4 4 4 3 5 3 3 1 3
5112 6983 3 2 2 4 4 3 2 2 1 4
5113 7230 2 2 2 4 2 3 2 2 2 2
5114 7040 3 4 3 3 2 2 2 3 1 3
5115 7042 5 3 4 4 4 4 2 3 1 3
5117 7042 4 4 3 3 2 5 2 2 2 3
5118 7040 2 2 2 2 2 2 2 2 1 3
5119 7045 4 3 4 5 2 4 1 2 2 3
5120 7039 4 3 2 4 2 4 2 2 1 3
5121 7042 4 5 4 4 2 4 3 3 2 3
5122 7209 3 3 4 2 3 3 2 3 2 3
5123 7040 3 3 4 5 4 4 1 1 2 3
5124 7040 4 4 4 4 2 3 1 1 2 3
5125 7043 4 4 3 3 5 4 1 3 2 3
5126 7039 4 4 4 3 3 4 3 2 1 3
5127 7040 1 1 1 1 1 1 1 1 1 3
5128 7042 4 4 5 4 3 5 5 5 2 3
5129 7000 2 2 1 1 1 2 1 1 2 4
5131 7330 4 3 2 4 2 3 2 2 2 3
5132 7039 4 4 4 4 5 4 2 3 1 3
5133 7047 3 4 4 5 3 4 1 4 2 3
5134 7047 4 4 5 4 4 5 5 5 2 3
5135 7045 5 5 4 4 5 5 4 2 2 3
5137 8341 3 2 2 3 1 1 1 1 1 3
5138 7048 4 4 3 2 3 4 4 2 2 3
5139 7047 4 4 4 4 3 4 4 4 2 3
5140 8342 4 4 4 4 4 3 4 4 1 3
5141 7047 4 3 3 4 2 3 3 2 2 3
5142 7027 4 2 4 4 4 4 2 1 1 3
5143 7046 1 1 1 1 1 1 1 1 2 3
5145 7040 3 3 3 3 3 3 3 3 1 3
5146 7040 4 4 4 4 4 4 4 4 1 3
5147 7039 1 1 1 1 1 1 1 1 1 3
5149 7040 4 4 5 4 3 4 2 3 1 3
5151 7040 4 1 4 5 1 3 1 2 2 3
5152 7049 4 3 5 5 5 5 4 5 2 3
5153 7049 5 5 5 5 5 5 5 4 2 3
5154 9008 5 5 5 5 3 5 5 4 2 2
5155 7040 4 4 2 4 2 2 2 2 1 3
5156 7033 2 2 2 4 1 1 1 1 1 3
5157 7026 4 4 4 4 4 5 4 3 2 3
5158 7197 3 4 2 4 2 4 1 1 2 4
5159 7208 3 3 3 4 2 3 2 2 1 3
5160 7032 4 4 3 4 5 4 3 5 2 3
5162 7275 1 1 1 1 1 2 2 2 1 3
5163 7208 2 2 4 3 3 3 2 2 1 3
5164 8343 3 3 4 3 4 4 3 4 2 3
5165 7029 5 3 4 4 4 5 4 5 2 3
5166 7208 1 1 1 1 1 1 1 1 1 3
5167 7032 3 3 3 3 3 4 4 3 2 3
5168 8340 1 1 1 1 1 1 1 1 1 3
5169 7032 2 2 2 2 2 2 2 2 2 3
5170 7032 5 5 5 3 2 5 2 5 2 3
5171 7327 3 4 3 2 2 4 2 3 1 3
5172 7029 4 4 5 4 3 4 3 4 2 3
5173 7208 1 1 1 1 1 3 1 1 1 3
5174 7030 4 4 5 5 3 5 3 4 1 3
5175 7026 3 1 4 3 1 5 1 1 1 3
5176 7034 5 5 5 5 5 5 5 5 2 3
5177 7033 1 2 1 3 1 4 1 1 1 3
5180 7033 4 4 5 5 2 5 2 3 1 3
5181 7034 4 4 5 4 5 5 3 5 2 3
5182 7029 4 2 3 4 3 4 3 2 2 3
5183 8340 4 4 2 3 3 4 3 4 1 3
5184 7032 3 2 4 2 4 4 2 3 2 3
5185 7033 1 1 1 1 1 1 1 1 1 3
5186 7034 4 3 5 5 2 4 2 1 2 3
5187 7034 2 2 2 2 3 2 1 3 2 3
5188 7032 2 2 4 4 5 5 1 4 2 3
5189 7032 2 2 4 4 1 2 4 5 2 3
5190 7034 2 1 2 1 1 3 1 1 2 3
5191 7033 5 4 5 5 4 5 4 3 1 3
5192 7329 4 2 4 4 2 1 1 2 1 3
5193 8332 2 2 2 2 2 2 4 2 1 4
5194 7208 1 1 1 1 1 1 1 1 1 3
5195 7033 1 1 4 1 4 4 1 3 1 3
5197 7209 3 3 3 3 3 3 3 3 2 3
5198 7035 4 2 2 1 3 4 1 1 1 3
5199 7037 5 5 5 5 5 5 5 5 1 3
5200 7209 2 2 3 2 2 2 2 2 2 3
5201 7209 3 4 4 4 3 5 3 3 2 3
5202 9006 1 1 1 1 1 1 2 1 1 2
5203 7037 2 2 2 4 3 3 1 1 1 3
5205 7037 4 3 3 5 2 3 1 1 1 3
5206 6207 3 2 4 3 2 3 4 4 2 2
5207 7037 2 3 2 2 3 4 2 3 2 3
5208 7037 4 4 3 5 2 3 2 2 2 3
5209 7037 5 5 5 5 3 5 5 5 1 3
5210 7037 3 4 3 2 3 3 1 1 1 3
5211 7209 4 4 4 4 5 2 1 4 1 3
5212 7041 3 3 3 3 2 4 3 2 2 4
5213 6165 3 3 4 4 4 4 2 3 2 2
5214 7209 2 2 2 2 2 2 2 2 2 3
5215 8342 1 1 2 3 1 2 1 1 1 3
5216 7327 5 5 5 5 2 4 3 2 1 3
5217 8080 1 1 1 1 1 1 1 1 1 2
5218 7209 4 2 3 4 3 4 2 1 2 3
5219 7036 2 2 5 2 3 2 3 3 2 3
5220 7036 3 4 4 4 4 3 2 2 2 3
5221 7037 5 5 5 5 5 5 5 5 2 3
5222 7037 5 5 5 5 3 5 4 2 1 3
5223 7036 3 2 4 5 2 4 1 1 2 3
5224 7037 4 4 5 2 5 4 5 2 2 3
5225 7037 1 1 1 1 1 1 1 1 1 3
5226 7037 1 1 1 1 1 1 1 1 1 3
5227 7037 3 3 3 3 3 3 3 3 1 3
5228 7037 4 4 4 3 4 3 4 4 2 3
5229 7037 4 2 4 4 2 4 5 2 1 3
5230 7037 3 3 4 4 1 3 1 2 1 3
5231 7209 4 4 4 3 5 4 1 4 1 3
5232 7037 4 4 4 5 5 5 2 2 2 3
5233 7037 4 3 4 2 3 4 2 2 2 3
5234 7327 5 5 5 4 2 5 4 4 1 3
5236 7015 3 4 4 5 3 4 4 3 1 3
5237 7328 4 2 4 4 5 4 4 2 1 3
5238 7016 4 4 3 4 4 4 2 2 2 3
5239 7020 4 2 4 4 2 4 1 2 1 3
5240 8337 4 4 4 4 3 4 2 4 2 3
5241 9010 3 3 3 3 3 3 3 3 1 2
5242 7020 2 2 2 3 3 4 1 2 1 3
5243 8336 2 3 2 2 1 2 1 2 1 3
5244 7019 3 3 2 4 4 5 1 2 2 3
5245 7015 4 2 5 2 5 5 2 5 1 3
5246 8335 4 4 5 4 3 5 1 5 1 3
5248 7019 4 3 3 3 1 4 2 2 2 3
5249 7019 5 3 5 5 3 5 2 3 2 3
5251 7019 3 3 2 3 3 3 2 2 2 3
5252 7015 3 3 3 3 3 3 3 3 1 3
5254 7017 5 5 5 5 2 5 2 1 1 3
5255 7020 3 2 4 3 4 3 4 3 2 3
5256 7020 4 4 5 3 4 4 4 3 1 3
5257 8338 1 2 2 1 3 4 1 1 1 3
5258 7019 3 3 4 3 3 5 2 3 2 3
5259 7019 2 3 3 3 3 4 2 2 2 3
5260 7016 2 2 2 2 2 2 2 2 2 3
5261 7020 2 2 2 2 3 3 2 2 2 3
5262 8335 4 4 4 3 1 2 1 3 1 3
5266 7020 2 2 2 3 4 4 2 2 2 3
5267 8338 3 2 4 4 4 5 4 5 1 3
5268 8337 1 1 3 2 3 3 2 2 2 3
5269 7019 4 3 5 4 4 4 2 1 2 3
5270 7020 3 2 3 4 3 4 1 2 1 3
5271 7052 1 4 2 1 5 4 1 5 2 4
5272 7055 3 3 4 4 3 3 3 2 2 3
5273 7051 4 4 4 4 4 3 2 5 2 4
5274 7052 5 4 5 4 3 4 2 3 2 4
5275 7054 5 1 5 1 1 1 1 1 1 3
5276 7054 4 2 2 4 3 3 2 2 1 3
5277 7054 4 4 4 4 5 5 3 5 1 3
5278 7054 3 2 3 1 3 1 1 4 1 3
5279 7052 4 3 4 4 4 4 3 3 2 4
5280 7055 3 4 4 4 2 4 3 4 2 3
5281 7055 3 4 4 2 4 4 2 2 2 3
5282 7051 3 3 4 3 4 4 4 4 1 4
5284 7054 2 1 2 3 2 2 1 3 1 3
5285 7052 5 3 5 3 5 5 3 5 2 4
5286 7052 4 3 2 3 3 5 2 1 2 4
5287 7051 4 5 2 5 1 4 3 1 2 4
5289 6166 4 2 5 3 1 5 1 5 2 2
5290 7055 1 3 1 4 5 3 2 2 2 3
5291 7053 1 1 1 1 1 1 1 1 1 3
5292 7052 3 2 3 2 3 4 1 3 2 4
5293 7053 2 5 3 3 2 5 2 1 2 3
5294 7055 4 3 4 4 2 3 3 2 2 3
5295 7053 4 3 5 5 5 5 1 4 1 3
5296 7052 4 4 4 5 3 5 5 3 2 4
5297 7051 5 4 4 5 3 5 4 3 1 4
5298 7051 4 3 4 3 4 4 4 4 1 4
5299 7055 4 1 2 3 2 4 1 3 2 3
5300 7055 4 4 4 4 4 5 3 3 2 3
5301 7052 2 2 2 2 3 2 2 1 2 4
5302 7051 4 4 4 4 2 4 5 3 2 4
5303 7344 2 2 2 3 3 3 2 4 2 3
5304 6997 4 4 4 3 4 4 4 2 1 3
5305 8328 1 1 1 1 1 1 1 1 1 3
5307 6995 4 3 4 5 2 4 2 1 2 3
5308 6996 2 2 2 2 2 4 2 3 2 3
5309 7204 4 4 5 5 1 5 4 3 1 3
5310 6997 3 1 2 1 3 1 1 2 2 3
5311 7340 2 2 2 2 2 2 2 2 1 3
5312 6992 4 5 5 5 2 4 1 3 1 3
5313 7204 2 2 2 2 2 2 2 2 1 3
5314 8330 4 2 4 3 4 5 3 4 2 3
5315 6682 4 3 4 2 1 4 2 1 2 3
5316 6992 5 5 5 5 3 5 5 5 2 3
5317 6996 5 5 4 4 4 5 4 4 2 3
5318 6997 5 5 5 5 5 5 4 5 2 3
5319 7204 4 4 4 4 3 4 2 2 1 3
5320 6997 4 4 4 3 4 4 4 2 2 3
5321 6995 5 5 5 5 5 5 5 5 2 3
5322 6996 5 5 5 5 5 5 5 3 2 3
5323 6995 5 5 3 5 2 5 5 1 1 3
5325 6997 4 4 4 2 2 5 1 3 2 3
5326 7275 1 1 1 1 1 1 1 1 2 3
5327 7204 3 3 3 3 3 3 3 3 1 3
5328 6995 4 4 2 5 3 4 1 2 1 3
5330 8329 1 1 1 1 1 1 1 1 1 3
5331 6996 5 5 5 5 1 5 2 2 2 3
5332 6997 3 4 4 4 4 4 3 4 2 3
5333 7204 3 3 3 5 3 3 3 3 1 3
5334 6995 4 3 2 2 2 2 1 1 1 3
5336 7204 5 5 5 5 2 5 4 4 1 3
5338 6995 5 5 5 5 3 4 5 2 2 3
5339 6995 5 4 5 5 1 5 4 4 2 3
5341 6992 4 5 3 2 3 4 2 4 2 3
5345 7204 1 1 1 1 1 1 1 1 1 3
5346 7204 3 3 3 3 3 3 3 3 1 3
5347 7204 4 4 4 4 1 4 2 3 1 3
5348 7205 4 4 2 4 1 3 1 1 1 3
5349 7207 2 2 2 2 2 2 2 2 1 3
5350 7205 4 2 3 4 1 2 1 3 1 3
5352 7011 2 2 2 4 1 2 1 2 2 3
5353 7010 1 1 1 1 1 1 1 1 1 3
5354 7010 1 1 1 3 3 2 1 3 2 3
5356 7205 2 2 2 2 3 2 1 2 1 3
5357 7012 4 3 3 4 3 4 2 2 1 3
5359 8069 3 3 3 3 3 3 3 3 2 2
5361 7205 5 4 4 5 3 5 2 3 1 3
5363 7011 4 4 5 4 5 5 4 5 2 3
5364 7011 1 1 1 1 1 1 1 1 2 3
5365 6978 2 2 2 2 3 4 2 2 2 3
5366 7011 1 1 1 1 1 1 1 1 2 3
5367 8197 3 1 1 1 3 1 1 1 1 3
5368 7205 3 4 4 4 4 4 2 4 1 3
5369 8079 2 2 1 3 1 2 1 1 1 2
5370 7205 3 3 3 3 2 4 3 2 1 3
5371 7010 1 1 1 1 1 1 1 1 2 3
5373 7010 5 5 5 5 3 5 5 3 2 3
5374 7010 3 4 5 4 1 4 3 3 1 3
5375 7205 4 2 2 4 1 4 1 1 1 3
5376 7011 4 4 5 5 4 5 3 4 2 3
5377 7011 3 3 3 3 3 3 3 3 2 3
5378 7205 3 4 3 2 1 4 4 1 1 3
5379 7205 4 1 4 4 1 3 1 5 1 3
5380 7011 3 4 4 4 3 3 2 3 2 3
5381 7205 1 1 1 1 1 1 1 1 1 3
5382 8309 4 4 4 5 1 1 1 2 1 4
5384 7009 3 2 2 3 2 2 3 3 1 4
5385 8079 1 1 1 3 3 1 1 2 1 2
5386 7011 2 2 5 5 1 1 1 4 2 3
5387 7205 1 1 1 3 3 4 1 3 1 3
5389 7008 3 3 3 3 3 3 3 3 2 3
5391 7008 3 3 4 4 3 3 2 4 2 3
5392 7008 4 2 3 2 3 3 1 1 2 3
5393 7008 1 1 1 1 1 1 1 1 2 3
5394 7007 5 5 5 5 3 5 5 5 2 3
5396 7007 4 5 5 5 3 5 5 4 2 3
5397 6985 2 1 1 1 4 1 1 5 1 4
5398 7008 4 4 5 4 4 5 2 3 2 3
5399 7006 1 1 1 1 1 1 1 1 1 3
5400 7007 4 5 5 5 5 5 5 5 2 3
5401 7007 1 1 2 1 2 2 1 1 2 3
5402 7007 5 5 5 5 4 5 3 3 2 3
5403 7328 2 2 2 2 2 2 2 2 1 3
5404 7008 4 4 4 4 3 4 3 3 2 3
5405 8331 5 4 4 4 1 4 1 2 1 4
5406 7008 5 5 5 5 5 5 5 4 1 3
5407 7008 1 1 1 1 1 1 1 1 2 3
5408 8327 5 4 4 2 1 5 1 2 1 4
5409 7007 4 4 4 3 4 4 5 3 2 3
5410 7008 3 3 2 3 1 4 1 1 2 3
5411 7008 4 3 3 4 2 3 2 3 2 3
5412 7007 2 2 2 2 2 2 2 2 2 3
5415 7006 4 4 4 3 1 1 1 1 1 3
5416 7007 3 3 4 3 5 4 2 4 2 3
5417 7006 2 1 3 1 3 4 1 1 1 3
5419 7008 4 1 1 1 3 5 1 1 2 3
5420 7008 2 2 2 2 2 2 2 2 2 3
5421 7007 4 4 4 5 2 4 3 3 2 3
5423 7007 3 4 4 4 1 5 2 2 2 3
5424 7008 5 5 5 5 5 5 5 1 2 3
5425 7007 5 5 5 5 5 5 5 5 2 3
5426 7007 3 3 4 4 1 2 1 1 2 3
5427 7328 3 2 2 2 2 2 2 2 1 3
5428 7007 1 1 1 1 1 1 1 1 2 3
5429 7006 4 4 4 4 3 4 3 3 1 3
5430 6990 3 2 5 3 3 2 1 5 2 4
5431 6990 3 3 3 3 3 4 3 4 2 4
5432 6990 4 3 4 4 4 5 3 5 2 4
5433 6990 4 5 4 3 2 4 3 3 2 4
5434 6988 4 4 4 4 4 4 4 3 2 4
5435 6989 4 4 4 4 2 4 4 2 1 4
5436 7001 3 4 3 4 4 4 2 2 2 3
5437 7001 3 3 3 3 3 3 3 3 2 3
5438 6405 3 3 2 3 3 4 1 1 1 2
5439 6995 4 3 4 2 4 4 3 5 1 3
5441 8327 5 5 4 5 2 4 2 1 1 4
5442 7041 4 3 4 4 1 5 3 3 1 4
5443 7045 2 2 3 2 2 4 2 2 1 3
5444 7038 2 1 1 1 1 1 1 1 1 3
5445 7033 2 1 1 1 2 1 1 1 1 3
5446 7027 1 1 1 1 1 1 1 1 1 3
5447 7026 1 1 1 1 1 1 1 1 1 3
5448 7031 2 2 4 3 3 3 2 2 1 4
5449 8328 1 1 1 1 1 1 1 1 1 3
5450 7028 4 2 4 4 2 4 1 1 2 4
5454 7330 4 4 3 4 3 4 4 3 2 3
5455 7057 3 3 3 3 3 3 3 3 2 4
5456 7057 1 1 4 1 5 1 1 3 2 4
5457 7057 5 3 2 3 1 5 5 4 2 4
5459 8344 3 3 3 2 1 3 3 3 1 4
5460 7056 1 1 1 1 1 1 1 1 2 4
5461 7056 3 2 2 3 3 4 2 2 1 4
5462 7357 4 4 4 4 2 4 2 4 2 4
5463 7017 5 4 5 5 2 5 4 2 1 3
5464 6991 5 5 5 5 5 5 4 4 2 4
5465 8338 1 1 1 1 1 1 1 1 1 3
5466 7020 1 1 4 3 3 2 1 1 1 3
5467 7015 2 2 2 2 4 3 1 4 1 3
5468 7018 5 3 5 5 3 5 4 3 2 4
5469 8338 3 3 3 4 3 4 3 2 1 3
5470 6991 4 2 3 4 2 4 1 1 2 4
5471 7206 5 5 5 4 4 5 5 5 2 3
5472 6994 5 5 5 5 4 5 1 1 2 3
5473 6993 5 5 5 5 2 5 5 4 1 3
5475 6994 5 3 5 3 2 5 5 2 2 3
5476 6994 3 3 3 3 3 3 3 4 1 3
5477 6993 4 5 2 5 1 5 1 1 1 3
5478 8328 2 2 2 2 2 2 2 2 1 3
5480 6999 4 5 2 4 3 5 3 3 2 3
5481 6994 5 4 4 2 5 5 2 4 2 3
5482 7003 5 5 5 5 5 5 5 4 2 4
5483 6993 3 3 4 3 3 3 3 4 2 3
5484 6993 1 1 4 1 1 1 1 5 2 3
5485 6994 5 5 5 5 2 5 3 2 1 3
5486 6994 4 2 3 5 1 4 1 3 1 3
5487 6994 2 1 5 2 1 2 4 5 1 3
5488 6999 1 1 1 1 1 4 1 1 1 3
5489 6994 3 3 3 3 3 3 3 3 1 3
5490 6993 4 2 3 4 5 4 1 3 1 3
5491 6994 3 3 3 3 3 4 1 1 1 3
5492 6993 4 3 5 4 4 5 2 3 1 3
5493 6994 5 5 5 5 4 5 5 3 2 3
5494 7003 4 4 3 4 1 3 2 1 1 4
5495 6994 2 2 4 2 5 4 2 5 1 3
5496 6999 3 3 3 3 3 4 2 3 1 3
5497 7326 3 4 4 2 2 2 3 4 1 3
5498 6994 4 4 4 4 4 4 4 4 2 3
5499 6994 3 4 4 4 4 4 4 5 2 3
5500 6993 5 4 5 5 5 5 5 5 1 3
5501 6994 4 4 4 4 4 4 4 1 1 3
5502 6994 4 5 2 1 1 3 1 1 1 3
5503 6994 4 3 4 2 1 4 4 4 2 3
5504 6999 4 2 1 3 2 4 1 3 2 3
5505 6993 4 3 4 5 3 5 3 2 2 3
5506 6994 3 2 3 2 2 4 2 3 2 3
5508 6994 4 4 2 4 1 4 1 4 2 3
5511 6994 5 5 5 5 3 3 4 3 1 3
5512 6999 5 5 3 4 4 4 4 4 2 3
5513 6994 5 4 4 4 1 4 1 4 1 3
5514 6998 3 3 3 3 3 3 3 3 1 3
5515 6999 4 5 4 4 5 4 4 3 1 3
5516 6999 4 3 4 5 5 5 5 5 2 3
5517 6993 4 4 4 4 4 4 5 4 1 3
5518 6998 3 3 5 5 5 5 2 3 1 3
5519 6994 5 5 5 5 5 5 5 5 2 3
5520 7025 5 5 5 5 1 5 1 3 1 4
5521 8329 4 2 3 4 1 1 -999 1 1 3
5522 9001 1 4 3 4 3 3 4 3 1 4
5523 6999 4 4 5 5 2 4 2 3 1 3
5524 8353 2 2 4 4 2 4 3 2 2 4
5525 6999 4 4 5 4 4 4 1 2 1 3
5526 6999 4 3 4 4 3 4 2 2 1 3
5527 6998 4 4 3 4 3 4 3 3 2 3
5529 6999 4 4 4 4 2 4 3 5 2 3
5530 6994 4 4 4 4 5 5 2 3 2 3
5531 6999 3 1 1 3 2 4 2 1 2 3
5533 6999 4 3 4 3 4 3 4 2 2 3
5534 6994 3 2 4 4 2 4 2 4 1 3
5535 6994 3 3 4 3 4 3 3 4 1 3
5536 8329 2 2 1 1 2 3 1 1 1 3
5537 6999 4 4 5 5 1 5 1 3 1 3
5538 6999 3 3 5 4 2 3 3 2 2 3
5539 6999 5 3 5 4 2 5 3 3 1 3
5540 6994 3 4 3 3 4 4 3 4 2 3
5541 6999 4 4 4 4 4 4 4 4 1 3
5542 7010 2 2 2 2 2 2 2 2 1 3
5543 6999 2 2 3 2 4 5 1 1 1 3
5545 6999 4 4 4 5 4 4 3 3 2 3
5546 6999 4 3 3 4 4 3 2 1 2 3
5547 6999 2 2 2 2 4 4 2 2 1 3
5548 6998 4 4 4 4 3 4 1 4 2 3
5549 7329 4 5 3 4 2 5 2 1 2 3
5550 7327 4 3 3 3 2 5 2 3 2 3
5552 6994 2 2 1 1 1 1 1 1 1 3
5553 6482 3 2 2 2 2 3 2 3 2 3
5554 8345 3 3 3 3 3 3 3 3 2 4
5555 7060 4 4 5 5 3 5 2 4 2 4
5556 7060 5 4 4 5 5 5 3 4 1 4
5557 7060 4 5 3 4 1 5 1 1 2 4
5558 7059 3 1 1 4 1 3 1 1 1 4
5559 7060 3 4 3 3 5 4 2 3 2 4
5560 8345 4 4 3 4 4 5 5 5 2 4
5561 8345 1 1 1 1 1 1 1 1 1 4
5562 7328 1 1 1 1 1 1 1 1 1 3
5563 8345 3 3 3 3 3 3 3 3 2 4
5564 7060 4 4 4 4 4 5 3 2 1 4
5565 7060 4 4 4 5 2 4 2 4 1 4
5566 7059 4 4 2 3 3 4 2 2 2 4
5567 8345 3 3 4 4 1 4 1 1 2 4
5568 7019 5 5 5 5 1 5 4 2 2 3
5569 7060 3 2 3 4 3 3 1 2 2 4
5570 7060 4 4 4 4 5 5 3 1 2 4
5571 8345 5 4 5 5 2 5 1 5 2 4
5572 8345 4 4 4 4 2 4 3 3 2 4
5573 8345 3 3 3 3 3 3 3 3 1 4
5574 7060 4 4 4 2 4 5 1 3 2 4
5575 7060 4 3 3 4 2 2 2 2 1 4
5576 7060 4 3 5 5 1 4 5 1 1 4
5577 8345 4 4 4 2 2 4 3 3 1 4
5578 6807 5 4 4 5 4 5 5 4 1 3
5579 7060 4 4 5 5 5 5 4 4 2 4
5580 8345 4 3 3 3 3 3 3 3 2 4
5581 7060 3 4 4 4 3 4 3 1 2 4
5582 7060 4 2 2 2 2 4 2 1 2 4
5583 8345 1 1 1 1 1 1 1 1 2 4
5584 8345 3 3 3 3 1 3 3 3 2 4
5585 7060 2 2 2 2 1 1 1 1 1 4
5586 7060 4 4 4 4 3 4 2 4 1 4
5587 8345 3 3 3 2 1 4 2 1 2 4
5589 7060 4 4 4 4 3 4 3 3 1 4
5591 6987 4 4 4 3 5 5 4 5 2 4
5592 6988 3 2 3 4 4 4 1 3 2 4
5594 7034 5 5 5 4 5 5 3 4 2 3
5595 7021 4 4 4 4 4 4 3 3 2 4
5596 7021 3 3 3 3 2 4 2 4 2 4
5597 7022 4 4 4 3 5 5 3 4 2 4
5598 7022 4 4 5 2 2 3 1 1 1 4
5599 7021 2 2 2 2 4 2 2 2 2 4
5601 7022 4 5 4 5 2 5 4 3 2 4
5602 8095 3 3 3 3 3 3 3 3 1 2
5604 7024 5 5 5 5 5 5 4 5 2 4
5605 7024 5 4 5 5 5 5 4 2 2 4
5606 7024 4 3 4 4 3 3 2 2 2 4
5607 6565 5 5 5 5 1 5 4 5 2 3
5609 9999 2 1 1 2 1 3 1 1 1 4
5610 7023 1 1 1 1 1 1 1 1 1 4
5611 7022 4 4 5 4 5 4 4 4 2 4
5612 8339 4 4 4 4 3 4 4 3 1 4
5613 8342 1 1 1 1 1 1 1 1 1 3
5614 7241 4 4 4 3 4 5 2 2 2 2
5615 7023 4 4 4 4 2 4 4 4 1 4
5616 7024 4 4 5 5 2 5 3 4 2 4
5617 7022 5 5 5 5 4 5 5 5 2 4
5618 7023 5 4 5 5 4 4 2 5 1 4
5619 7023 2 2 2 2 2 2 2 2 1 4
5620 7024 4 2 4 4 5 3 2 2 2 4
5621 7022 4 3 4 4 2 4 4 4 2 4
5622 6259 5 5 5 5 5 5 3 5 2 2
5623 8342 4 4 4 4 4 4 4 4 1 3
5624 7021 4 3 4 4 3 4 3 2 2 4
5625 7022 4 4 4 5 4 5 1 1 1 4
5626 7024 4 2 3 4 3 4 2 3 2 4
5628 6238 5 5 5 5 5 5 2 3 2 4
5629 7058 3 3 3 1 5 2 5 5 1 4
5630 6986 4 5 5 5 4 5 5 2 1 4
5631 7023 3 3 4 2 2 4 2 2 1 4
5632 7023 1 1 1 1 3 1 1 5 1 4
5633 7022 2 2 2 2 3 3 1 2 1 4
5635 6985 2 4 3 4 2 2 2 1 1 4
5636 6987 4 4 4 4 4 4 4 3 2 4
5637 6987 4 4 5 5 5 5 5 5 2 4
5638 6987 5 4 4 5 5 5 3 5 2 4
5639 6988 3 4 3 3 3 2 1 2 2 4
5640 6985 4 4 4 4 4 4 3 4 2 4
5641 6988 4 4 4 4 3 4 4 5 2 4
5643 6985 4 5 4 5 1 5 2 1 2 4
5644 6987 3 2 4 3 4 4 1 4 2 4
5645 6987 3 3 4 5 3 5 2 2 2 4
5646 6987 5 5 5 5 5 5 5 4 2 4
5647 6990 4 4 4 4 1 4 1 1 2 4
5648 6988 5 5 5 1 2 5 2 1 1 4
5649 6986 5 5 3 5 3 4 3 1 1 4
5650 6990 4 3 4 4 3 4 1 1 1 4
5651 6988 4 4 5 5 1 3 1 5 1 4
5652 6985 4 4 5 5 2 5 3 3 1 4
5653 6987 4 4 4 4 2 4 2 3 2 4
5654 6962 4 4 4 4 4 4 4 5 2 4
5656 6987 5 5 5 5 4 5 3 3 2 4
5657 6988 4 2 4 5 4 5 2 2 1 4
5658 6987 4 3 4 4 2 4 4 3 2 4
5659 6987 4 4 4 3 2 4 1 2 2 4
5661 6986 5 5 5 5 2 4 1 1 1 4
5662 6990 4 1 5 1 3 2 1 3 1 4
5664 7060 3 2 1 3 1 5 1 1 1 4
5666 6988 3 1 1 3 4 3 3 2 1 4
5667 6986 3 4 5 3 2 4 1 2 1 4
5668 6989 3 3 3 3 1 1 1 1 1 4
5669 6986 1 1 1 4 3 4 1 2 1 4
5671 6988 5 5 5 5 4 5 4 3 2 4
5673 7236 4 2 2 3 4 4 2 2 1 2
5674 8349 2 2 2 2 4 3 2 2 2 3
5676 7069 4 4 4 3 4 4 1 3 2 3
5677 6685 4 4 4 4 2 4 2 2 1 4
5678 7071 4 4 4 5 3 5 3 4 2 3
5680 7069 4 4 5 5 5 5 5 5 2 3
5681 7078 3 3 3 3 3 3 3 3 1 3
5683 7079 1 1 1 1 5 1 1 5 2 3
5684 7075 1 1 1 1 1 2 1 1 2 3
5685 7075 4 3 4 4 3 4 2 3 1 3
5686 8349 2 3 4 3 5 3 2 2 2 3
5688 7076 5 4 5 5 5 5 3 5 2 3
5689 7074 4 2 4 4 1 3 1 1 1 3
5692 8348 1 1 1 1 1 1 5 1 1 3
5693 8349 3 3 3 3 4 4 3 3 2 3
5694 7070 2 2 2 2 2 2 2 2 1 3
5695 7075 2 1 1 2 5 5 1 2 1 3
5696 7072 4 4 4 4 5 5 3 3 2 4
5697 7080 2 2 3 3 2 3 1 1 1 4
5698 7075 3 5 3 4 3 4 1 1 2 3
5699 7075 1 4 4 4 2 5 2 3 2 3
5700 7075 4 4 4 4 4 4 4 4 1 3
5701 7075 3 4 3 3 3 4 3 4 2 3
5702 7079 1 1 1 1 2 3 2 2 2 3
5704 7070 3 2 2 4 1 2 2 2 1 3
5705 8348 3 3 3 3 3 3 3 3 1 3
5706 7074 4 4 5 4 4 4 4 5 1 3
5707 7069 1 1 1 1 1 1 1 1 1 3
5708 7073 1 1 1 1 1 1 1 1 1 3
5709 7067 2 2 3 3 3 4 2 2 1 4
5710 7071 1 2 2 2 2 2 2 2 2 3
5711 7076 3 1 1 3 2 4 1 1 2 3
5712 7075 2 2 4 4 3 4 1 2 2 3
5713 7074 1 4 2 1 5 2 1 5 1 3
5714 7061 3 3 4 3 5 4 3 4 1 3
5717 7065 5 5 5 5 4 5 2 1 1 3
5719 7332 3 4 4 4 4 4 1 1 2 4
5720 7064 4 4 4 4 4 4 3 2 2 3
5721 7062 1 1 1 1 1 1 1 1 1 4
5722 7066 3 3 4 4 3 4 2 2 2 3
5723 8155 3 3 3 4 1 3 3 1 2 2
5724 7065 2 2 2 2 3 4 2 2 1 3
5725 7065 1 1 1 1 1 3 1 1 1 3
5726 7245 2 1 2 1 1 1 1 1 1 2
5727 8346 3 3 3 3 3 3 3 3 1 3
5728 7065 2 2 2 4 2 3 2 2 1 3
5729 7066 3 3 3 3 3 3 3 3 2 3
5730 7066 5 3 5 5 3 4 3 5 2 3
5731 7066 4 4 4 4 1 4 4 4 2 3
5732 7186 4 4 4 4 4 5 4 5 2 3
5733 7064 2 2 2 1 2 2 2 4 2 3
5734 7066 5 5 5 5 2 5 5 5 2 3
5736 7064 3 3 3 3 1 4 2 4 2 3
5737 7064 4 4 4 4 4 4 4 1 2 3
5739 7066 5 4 5 1 5 5 2 3 2 3
5741 7062 1 1 1 1 1 1 1 1 1 4
5742 7063 1 1 1 1 4 4 2 2 2 4
5743 7062 3 3 3 3 3 3 3 3 1 4
5744 7062 3 3 3 4 3 3 1 3 1 4
5745 7062 1 1 1 1 4 5 1 2 1 4
5746 7062 3 4 4 5 2 5 2 2 1 4
5747 7062 4 1 3 3 4 4 2 2 1 4
5749 7063 5 5 5 5 5 5 5 5 2 4
5750 8351 1 1 1 1 1 1 1 1 1 4
5751 7077 4 1 1 1 1 1 1 1 1 3
5752 6449 4 4 4 4 4 3 3 4 2 3
5753 7071 4 5 4 4 4 4 4 4 2 3
5754 7080 4 4 4 4 2 4 3 4 2 4
5755 7077 4 4 4 4 4 4 4 4 1 3
5756 8351 3 3 3 3 3 3 3 3 2 4
5757 7071 3 4 4 4 3 4 4 4 2 3
5758 8350 1 1 1 1 1 1 1 1 2 4
5759 7077 4 5 4 3 1 5 4 4 1 3
5760 7077 3 3 3 3 3 3 3 3 1 3
5762 7069 2 2 2 2 2 3 2 2 1 3
5763 8348 4 4 3 4 2 4 2 2 2 3
5764 7077 4 4 4 4 4 4 4 4 1 3
5765 7069 4 5 5 5 4 5 5 5 2 3
5767 7075 2 2 1 3 3 3 1 1 1 3
5768 7069 5 5 5 5 2 5 5 4 2 3
5769 7079 4 3 4 4 2 5 2 1 2 3
5770 7076 2 4 1 4 5 2 4 2 2 3
5772 8348 2 2 2 2 2 2 2 1 1 3
5773 7077 2 2 2 2 2 2 2 2 1 3
5774 7077 2 4 4 4 2 4 4 2 1 3
5775 7068 1 1 1 4 1 1 1 1 1 4
5776 8348 1 1 1 1 1 2 1 1 1 3
5777 7073 1 1 1 1 1 1 1 1 1 3
5778 7080 4 2 2 4 4 5 2 2 2 4
5781 7080 3 4 3 2 1 1 1 1 2 4
5782 7076 1 1 1 1 1 1 1 1 2 3
5783 7069 4 1 4 3 4 4 2 3 2 3
5784 8351 2 2 2 2 2 2 2 3 1 4
5786 7080 2 2 3 2 2 4 1 1 2 4
5787 8350 4 3 4 4 1 3 3 3 1 4
5789 8351 2 2 2 2 2 2 2 2 1 4
5791 6499 2 3 3 2 3 3 3 3 2 4
5792 7283 2 2 3 2 3 4 1 1 1 3
5793 6564 4 4 4 3 2 3 2 4 1 3
5796 6563 5 3 5 5 3 5 1 3 1 3
5797 6560 4 4 4 4 4 4 4 4 2 3
5798 6563 3 4 4 3 4 4 2 5 2 3
5799 6560 3 3 2 3 4 4 1 1 1 3
5801 6563 2 2 1 4 5 3 1 1 1 3
5802 6705 5 5 5 5 5 5 5 5 2 3
5803 8182 4 4 1 4 1 5 1 3 1 3
5804 6558 4 4 4 4 3 4 2 2 1 3
5805 7171 4 4 3 5 2 4 1 1 2 3
5806 6551 4 4 5 4 5 4 1 3 1 3
5807 6551 3 1 3 3 2 4 1 1 1 3
5808 6563 5 4 4 4 1 4 2 2 2 3
5809 6563 3 3 4 3 4 4 1 2 2 3
5810 6563 2 2 3 3 1 2 2 5 2 3
5811 6563 3 2 2 2 2 4 2 3 2 3
5812 6563 3 3 3 2 3 2 2 2 1 3
5813 6546 3 3 2 4 1 5 2 4 1 3
5814 8181 3 1 4 4 4 3 1 2 1 3
5815 6549 4 3 3 3 3 4 3 3 2 3
5816 8184 1 1 3 3 1 4 1 1 2 3
5817 6699 5 5 4 4 4 4 2 2 1 3
5818 6563 5 5 5 5 4 5 4 3 2 3
5819 7083 3 2 2 2 2 2 2 2 1 3
5820 6558 2 2 2 2 2 4 3 4 1 3
5821 6564 3 2 3 5 3 4 1 4 1 3
5822 6563 1 1 3 2 1 4 1 1 2 3
5824 8181 2 1 1 1 3 3 1 1 1 3
5825 6563 1 1 1 3 1 1 1 1 2 3
5826 8184 3 4 4 4 5 5 1 5 2 3
5827 6564 5 5 4 5 5 5 5 2 1 3
5830 6563 3 3 3 3 3 3 3 2 1 3
5831 6557 5 5 5 5 4 5 3 3 2 3
5832 6557 3 2 2 4 2 3 2 1 2 3
5833 8184 4 3 4 4 2 3 3 3 1 3
5834 6548 4 3 3 4 2 4 2 1 2 3
5835 8182 4 4 4 2 4 4 4 5 2 3
5837 6560 4 4 3 4 4 5 1 1 2 3
5839 6558 3 3 2 3 2 2 1 1 1 3
5840 8180 3 3 3 5 1 4 1 1 2 3
5841 8184 4 3 4 3 3 4 1 3 2 3
5842 6549 4 4 4 4 2 4 3 3 1 3
5845 6563 3 3 3 2 1 1 2 2 1 3
5846 6545 4 4 4 4 2 4 3 2 2 3
5847 8181 2 1 2 2 1 1 1 1 1 3
5848 7350 3 3 3 3 3 3 3 3 2 3
5849 6564 4 4 4 3 3 4 2 3 2 3
5850 6549 4 4 5 2 5 3 3 4 2 3
5852 6552 5 4 2 4 1 4 3 1 2 3
5853 8184 3 2 2 3 3 4 2 2 1 3
5854 6546 2 2 2 2 2 2 2 2 1 3
5857 6690 5 5 5 5 2 5 3 3 2 3
5859 6564 4 4 4 4 2 5 3 3 1 3
5860 6552 1 1 1 1 3 1 1 3 2 3
5861 8179 2 1 1 2 1 3 2 2 2 3
5862 6558 1 1 1 1 1 1 1 1 1 3
5863 6549 3 2 4 4 3 3 3 3 2 3
5864 6548 5 5 5 5 5 5 4 4 2 3
5866 8183 4 2 4 1 1 1 1 2 2 3
5867 8013 4 5 4 4 4 4 3 3 2 1
5868 6553 2 3 2 3 3 4 2 1 2 3
5869 6689 5 4 5 5 1 5 4 3 2 4
5870 6549 5 5 5 5 3 5 2 3 1 3
5871 6554 4 4 5 4 1 5 2 3 1 3
5872 6554 1 1 1 1 1 1 1 4 1 3
5873 6554 5 4 4 5 1 5 3 1 1 3
5874 6919 4 4 4 4 3 4 4 3 1 3
5876 6641 3 3 4 4 4 5 4 3 2 3
5877 6550 4 4 3 4 3 3 2 1 1 3
5878 6550 4 4 2 4 3 5 5 3 1 3
5879 8181 2 1 2 4 2 3 1 1 1 3
5881 6559 3 1 1 1 1 1 1 1 2 3
5882 6559 4 4 5 5 5 5 5 5 1 3
5883 7169 4 4 4 4 4 4 4 4 1 3
5884 6555 4 5 5 5 3 4 4 2 2 3
5885 6554 4 3 4 4 3 5 2 2 2 3
5886 6554 4 4 3 5 5 5 4 3 2 3
5887 7277 5 4 5 4 5 5 5 4 2 3
5888 6556 1 1 1 1 1 1 1 1 1 3
5889 6554 4 5 5 5 3 2 2 3 2 3
5890 6701 3 4 2 3 2 3 2 2 1 3
5891 8179 1 1 1 1 1 1 1 1 1 3
5892 6694 4 5 4 4 5 5 3 4 2 3
5893 6691 4 4 4 4 5 4 2 3 1 3
5894 6692 5 5 5 5 3 5 5 5 2 3
5896 7181 4 4 4 4 4 4 2 2 2 4
5897 6694 4 4 4 4 2 4 2 3 1 3
5898 7183 4 5 5 3 2 4 2 3 1 3
5899 6694 3 3 3 3 3 3 3 3 1 3
5900 7283 4 5 3 5 1 4 1 1 2 3
5901 6692 5 3 4 5 4 4 5 2 2 3
5902 6698 4 3 4 3 2 4 4 1 1 3
5905 6705 3 3 5 3 5 5 1 4 2 3
5907 6705 5 5 5 3 4 5 4 3 2 3
5909 6616 5 4 5 5 3 5 4 4 2 3
5910 6699 3 3 4 3 5 5 5 5 1 3
5911 6561 4 5 5 2 4 4 3 4 2 3
5912 8180 4 4 4 1 1 4 1 1 2 3
5914 6698 2 2 2 2 4 4 1 5 2 3
5916 6694 3 3 4 4 4 5 1 2 1 3
5917 6665 4 4 4 4 4 4 4 4 2 3
5918 8181 1 1 1 1 1 1 1 1 1 3
5919 6701 5 5 5 5 5 5 5 5 1 3
5920 8179 2 3 4 3 4 3 3 4 1 3
5921 6701 4 4 4 4 1 5 1 1 1 3
5922 6701 5 5 5 5 1 5 2 1 2 3
5923 7362 4 4 4 4 4 4 2 3 2 3
5925 6698 2 4 2 4 1 5 3 1 2 3
5926 7288 3 3 3 4 3 4 3 2 1 3
5930 6698 4 4 4 3 4 4 4 3 1 3
5931 6691 3 2 2 2 2 2 3 1 1 3
5933 6690 5 5 5 5 5 5 5 5 1 3
5935 6699 4 4 3 4 2 2 2 1 1 3
5936 6691 2 2 2 2 4 2 2 3 2 3
5937 6697 3 2 4 4 4 4 4 4 2 3
5938 6693 3 3 3 2 2 3 1 1 2 3
5939 6694 4 5 4 5 4 5 4 1 2 3
5940 6693 2 2 2 3 4 4 2 2 2 3
5942 7271 2 2 1 1 1 1 1 1 1 3
5944 6693 3 3 3 3 4 4 3 3 1 3
5945 6693 3 4 2 3 3 3 1 2 2 3
5946 6694 4 4 5 4 1 4 3 4 1 3
5947 6696 4 4 4 4 2 4 3 2 2 4
5948 6691 3 3 3 3 3 3 3 3 1 3
5949 6693 4 2 3 4 2 5 1 1 1 3
5950 6691 3 4 4 3 3 4 2 4 2 3
5951 6691 5 4 5 4 5 4 5 4 1 3
5952 6691 4 2 5 5 5 4 2 1 2 3
5953 6693 4 4 3 4 3 5 3 3 2 3
5954 6701 3 2 4 3 4 4 3 5 2 3
5955 7280 5 5 5 5 5 5 4 2 2 3
5956 6691 4 4 4 5 3 4 1 1 2 3
5957 6699 2 3 4 4 5 3 1 3 1 3
5958 6691 2 2 3 4 1 4 1 2 2 3
5959 6697 4 4 4 4 3 5 1 3 2 3
5961 7181 3 3 2 3 1 3 1 1 1 4
5962 7289 5 5 5 4 5 5 4 4 2 3
5963 6690 4 3 4 5 3 4 3 2 1 3
5964 6616 3 3 3 3 3 3 2 3 2 3
5965 8215 3 3 3 4 1 2 4 2 2 3
5966 7083 1 1 1 2 5 5 5 5 1 3
5967 6672 1 1 1 1 1 1 1 1 1 3
5968 8211 4 4 5 1 4 1 1 5 1 3
5969 8211 4 5 5 5 2 5 2 1 1 3
5970 6681 2 2 3 3 2 3 2 2 1 3
5971 6670 4 3 3 3 4 4 4 4 2 3
5972 6682 2 2 3 3 3 3 3 3 2 3
5973 8214 4 4 4 3 3 3 3 2 2 3
5974 6670 4 3 4 3 4 4 3 3 2 3
5975 6674 1 1 1 1 2 2 1 1 1 3
5976 8212 5 5 5 5 5 5 5 5 2 4
5977 6678 3 4 4 1 4 4 2 2 1 3
5979 6672 3 3 1 3 1 1 1 1 1 3
5980 6679 2 2 1 3 1 4 1 2 1 3
5981 8212 3 1 3 3 3 4 1 1 1 4
5982 8211 5 5 5 5 1 5 2 4 2 3
5983 6682 4 4 4 3 3 3 3 3 2 3
5984 6670 3 4 2 4 2 4 3 1 2 3
5985 6684 5 5 5 4 5 5 3 5 1 3
5986 8212 1 4 1 4 1 1 1 1 1 4
5987 6679 2 2 2 2 2 4 2 3 1 3
5988 8211 3 3 3 4 2 3 1 1 1 3
5990 6682 4 3 3 4 3 4 2 3 2 3
5991 6672 4 4 4 4 3 4 4 3 2 3
5992 6672 5 4 5 5 3 5 3 4 2 3
5993 6682 5 5 5 5 4 5 2 4 2 3
5994 6681 4 5 5 5 3 4 2 2 1 3
5996 6670 4 5 5 4 2 4 3 2 1 3
5997 6670 4 4 4 5 5 5 3 3 2 3
6000 6680 1 1 1 1 1 1 1 1 2 3
6001 6670 1 1 1 1 1 1 1 1 1 3
6002 8211 1 1 1 1 1 5 1 1 1 3
6003 6671 3 3 3 4 2 4 1 3 2 3
6004 6680 4 4 4 4 4 4 3 3 2 3
6005 6588 3 3 5 3 4 4 3 1 1 4
6006 6769 3 4 5 4 3 4 4 2 1 3
6007 7284 4 4 5 4 5 4 3 5 2 3
6008 6601 1 1 3 1 3 2 1 1 2 3
6009 7280 4 4 4 4 5 5 2 5 2 3
6010 6600 1 1 1 1 1 1 1 1 1 3
6011 7169 5 5 4 2 1 5 4 1 2 3
6012 6600 2 2 3 2 2 3 3 2 1 3
6014 7285 4 4 4 4 4 5 4 4 2 3
6015 6602 2 2 3 4 4 3 2 4 1 3
6016 6601 4 2 3 2 2 3 2 2 2 3
6017 6594 3 4 5 4 3 4 2 2 2 3
6021 6601 3 3 4 4 3 4 2 2 2 3
6022 6558 2 2 2 2 2 2 2 2 1 3
6023 6601 4 4 4 5 4 5 3 2 2 3
6024 6602 1 1 2 1 2 3 1 1 1 3
6025 7370 1 1 1 1 1 1 1 1 2 3
6026 7283 1 3 2 1 2 4 1 1 1 3
6027 6558 2 2 2 2 2 2 2 2 1 3
6028 6598 3 3 3 3 3 3 3 3 1 3
6030 6600 4 4 4 4 4 4 4 2 1 3
6031 7285 4 4 5 5 3 4 3 2 1 3
6032 6602 3 3 3 3 3 3 2 3 2 3
6033 6600 3 2 2 2 2 2 2 2 1 3
6034 6600 2 1 3 4 5 3 1 1 1 3
6035 7285 4 3 2 3 4 4 2 3 2 3
6036 6593 3 2 2 2 1 2 2 1 1 3
6038 6602 1 1 1 1 1 1 1 4 1 3
6039 6593 3 2 3 2 2 1 3 1 1 3
6040 6597 5 2 5 3 4 4 1 4 1 3
6041 6596 4 2 1 4 1 4 1 1 1 3
6042 7277 4 4 4 4 4 4 4 4 2 3
6043 6595 3 4 5 1 1 5 3 1 1 3
6044 6595 1 4 3 4 4 3 2 4 2 3
6045 7281 4 4 4 4 4 4 5 4 2 3
6046 6593 4 4 3 3 4 4 2 3 1 3
6047 6595 4 2 3 3 2 4 1 2 2 3
6048 7282 5 1 2 4 2 1 5 5 1 3
6049 6592 4 2 3 4 1 3 4 2 1 3
6050 6596 4 4 4 4 4 4 2 4 2 3
6051 6626 3 3 5 1 3 3 1 5 2 3
6052 6595 4 4 4 5 2 4 2 1 1 3
6053 6597 2 2 2 3 1 1 1 1 1 3
6054 6592 4 3 4 2 1 3 1 3 2 3
6056 6592 4 3 4 4 4 3 4 3 1 3
6057 6595 4 1 1 3 1 4 1 2 2 3
6058 6595 1 1 1 1 3 3 1 1 1 3
6059 6093 4 4 5 3 4 4 4 5 2 1
6060 6642 5 4 5 4 4 4 4 4 2 3
6061 9016 1 1 1 1 1 1 1 1 2 3
6062 7277 4 4 4 2 4 1 1 3 2 3
6063 6603 1 1 1 1 1 1 1 1 1 3
6064 6592 1 1 1 1 1 1 1 1 1 3
6066 6596 4 4 2 2 4 2 2 3 2 3
6068 8200 4 3 4 2 4 4 3 2 2 3
6069 6601 4 2 4 4 4 4 4 3 2 3
6070 6592 4 4 4 4 4 4 3 4 1 3
6072 8200 2 3 5 4 2 4 3 3 2 3
6073 7285 4 4 4 4 4 4 2 4 2 3
6074 6478 4 5 4 5 3 4 1 3 1 3
6076 6480 1 1 1 1 1 1 1 1 1 3
6077 6476 5 3 5 5 1 3 1 1 1 3
6078 6478 3 3 2 2 3 3 1 2 1 3
6079 6480 4 2 3 4 3 4 4 3 2 3
6080 8199 2 2 1 3 2 2 1 2 1 3
6081 7220 4 4 4 4 4 4 4 4 1 1
6082 6477 4 4 4 4 4 5 4 5 1 3
6083 6478 3 5 4 3 5 2 3 5 2 3
6084 6640 4 5 4 3 3 5 3 3 2 3
6085 6476 4 4 5 4 5 4 5 2 2 3
6087 6443 3 4 4 5 3 3 3 3 2 3
6088 6476 3 3 4 4 3 5 3 2 2 3
6089 6479 1 1 1 1 1 1 1 1 1 3
6092 7165 3 3 4 4 3 4 3 4 2 3
6093 6476 4 4 4 4 2 4 2 2 1 3
6094 6477 1 1 1 1 1 1 1 1 1 3
6095 6478 3 3 4 4 1 3 2 1 2 3
6096 6540 4 3 5 5 4 4 4 4 2 3
6097 6480 4 3 3 3 3 4 3 3 2 3
6098 6476 5 4 4 5 3 5 4 3 2 3
6099 7165 3 3 3 3 3 3 4 3 1 3
6101 6014 2 2 4 2 2 2 2 2 1 1
6103 6480 4 4 4 3 3 4 4 4 1 3
6104 6480 4 5 4 4 4 4 4 5 1 3
6105 6478 4 4 5 5 5 5 3 2 2 3
6107 6779 4 4 5 3 5 3 4 4 2 3
6108 8200 4 4 5 5 2 5 4 2 2 3
6110 6461 2 2 2 2 2 2 2 2 1 3
6111 6460 1 2 2 2 3 2 1 1 1 3
6115 6461 5 4 4 4 4 4 3 2 2 3
6116 6461 4 4 4 4 3 4 2 2 2 3
6117 6460 4 4 4 3 3 2 4 4 1 3
6118 6466 1 1 1 1 2 1 1 1 1 3
6119 6460 2 1 2 3 4 3 3 5 1 3
6120 6459 4 2 3 3 2 2 2 2 1 3
6121 6459 4 2 3 5 2 4 2 3 1 3
6122 6460 4 3 3 4 4 5 1 3 1 3
6123 6463 3 2 3 3 3 3 3 3 1 3
6125 6131 1 1 1 1 1 1 1 1 1 1
6126 6465 1 1 1 1 1 1 1 1 1 3
6127 6461 4 3 5 4 3 4 3 3 1 3
6128 6447 5 5 5 5 2 5 1 1 1 3
6129 6459 4 2 4 4 3 4 4 3 1 3
6130 6462 2 2 2 4 2 2 2 3 2 3
6131 6466 4 4 3 4 4 4 2 3 2 3
6133 6465 3 3 4 3 3 4 3 4 2 3
6134 6593 5 1 5 5 5 5 5 5 2 3
6135 6466 3 1 2 1 1 1 1 1 1 3
6136 6463 4 4 2 5 3 4 2 3 1 3
6137 6464 3 4 3 3 4 3 3 4 1 3
6139 6461 2 2 2 2 2 3 2 2 2 3
6140 7342 2 2 2 2 2 4 2 2 2 3
6141 6465 2 1 1 3 3 2 1 3 2 3
6142 7285 5 5 5 5 2 5 4 2 2 3
6143 9015 1 1 3 2 3 3 3 1 2 1
6144 6567 4 4 4 4 2 4 4 1 1 3
6145 6566 3 3 3 3 3 3 3 2 1 3
6146 8190 4 3 1 1 5 4 1 1 2 3
6147 6567 4 4 4 4 3 4 3 4 2 3
6148 6566 4 3 4 4 1 4 3 3 2 3
6149 6565 3 3 3 2 5 3 2 2 1 3
6150 6566 5 4 5 5 2 5 3 5 1 3
6151 8187 3 3 3 3 3 3 3 3 1 3
6152 6567 1 1 1 1 1 1 1 1 1 3
6153 6565 3 3 3 3 2 2 2 1 2 3
6154 6573 3 3 3 2 2 3 2 2 2 3
6155 6567 4 2 4 4 1 3 3 2 2 3
6156 6573 4 4 2 4 2 4 2 2 2 3
6158 7168 2 1 3 5 3 4 5 4 2 3
6159 6573 3 4 4 3 2 3 3 5 2 3
6160 6565 4 4 4 4 1 5 1 1 2 3
6161 6573 4 4 4 3 3 4 4 3 2 3
6162 6565 1 1 1 1 1 1 1 3 2 3
6163 8186 3 3 3 2 3 3 1 4 1 3
6164 8221 5 4 5 5 5 5 5 5 1 3
6165 6567 1 1 1 1 2 3 1 1 1 3
6166 8187 1 1 1 1 1 1 1 1 1 3
6168 6878 2 2 3 2 4 4 2 3 2 4
6169 6565 4 4 3 2 1 4 3 1 2 3
6170 6573 1 1 3 5 3 4 4 4 2 3
6171 8355 1 1 1 1 1 1 1 1 1 3
6172 9012 3 1 1 1 3 1 1 1 1 2
6173 6565 5 5 5 5 2 5 5 3 2 3
6174 7168 3 3 3 3 3 4 3 2 2 3
6175 8190 3 3 3 4 1 3 1 2 2 3
6176 6573 4 4 4 4 5 1 1 5 1 3
6177 6565 3 3 3 3 3 3 3 3 1 3
6178 8186 3 3 4 3 4 4 2 1 1 3
6179 6585 3 3 4 2 3 4 2 3 1 3
6180 6573 4 4 4 4 3 4 5 3 2 3
6181 6565 5 3 4 4 5 5 2 4 1 3
6183 6565 4 4 4 4 4 4 2 4 2 3
6184 8188 4 4 4 4 5 5 5 3 2 3
6186 6570 4 4 1 4 1 4 1 4 2 3
6187 6571 2 3 4 4 4 4 2 3 2 3
6188 6571 5 5 5 5 5 5 5 4 2 3
6189 6571 3 4 4 4 3 5 2 3 2 3
6190 6569 2 2 2 2 2 2 2 2 2 3
6191 6570 5 5 5 5 4 5 4 5 2 3
6192 6569 4 4 4 5 1 4 2 1 1 3
6193 6569 4 4 3 5 4 4 2 3 1 3
6194 7289 3 3 4 4 4 5 2 3 2 3
6195 6571 4 2 4 3 2 2 1 4 2 3
6196 6571 4 4 5 3 1 4 2 3 2 3
6197 6148 4 4 4 5 5 5 5 5 2 1
6198 6568 3 3 3 3 2 3 4 3 1 3
6199 6569 2 2 2 2 3 4 3 4 2 3
6200 6571 3 1 1 1 1 1 1 1 2 3
6201 6569 1 1 1 1 4 1 1 1 2 3
6203 6569 4 4 4 4 4 4 4 4 2 3
6204 6571 3 1 4 4 4 4 2 4 1 3
6206 6569 1 2 2 2 2 2 2 2 1 3
6207 6568 4 5 5 5 2 3 3 2 2 3
6208 6571 4 4 4 4 1 4 4 1 2 3
6210 6571 4 4 4 4 1 5 5 1 2 3
6211 6571 3 3 3 3 3 3 3 3 2 3
6212 8185 2 2 4 3 1 2 1 2 1 3
6214 6568 5 4 4 5 4 5 4 4 2 3
6215 6570 3 2 4 2 4 2 2 2 1 3
6216 6570 1 1 1 1 5 3 1 3 2 3
6217 6568 2 1 3 4 2 3 1 1 2 3
6218 6568 3 2 2 1 1 4 1 1 2 3
6220 6571 5 5 5 5 5 5 1 5 2 3
6221 6584 4 5 5 5 5 5 1 1 1 3
6222 6577 2 2 2 2 2 2 2 2 1 3
6223 8190 4 5 2 1 1 1 1 1 1 3
6224 6586 3 3 3 3 3 3 3 3 1 3
6225 6586 1 1 1 1 1 1 1 1 2 3
6226 6580 1 1 1 1 1 1 1 1 2 3
6227 6586 4 4 3 3 1 5 4 3 2 3
6228 6580 5 4 5 4 5 5 3 4 2 3
6229 6586 5 5 5 5 1 5 5 4 2 3
6230 6586 3 3 4 3 3 4 2 4 2 3
6231 6584 5 4 4 5 4 5 2 3 2 3
6232 8191 3 3 3 3 3 3 3 3 1 3
6233 6565 2 1 1 1 1 1 1 3 2 3
6234 8191 4 4 4 4 4 4 4 1 1 3
6235 6586 2 3 4 4 1 5 2 4 1 3
6236 8192 2 2 5 5 2 5 3 4 1 3
6237 8193 5 3 5 5 2 5 2 4 2 3
6238 6586 4 3 3 3 3 3 2 2 2 3
6239 6580 4 4 5 5 1 5 1 2 2 3
6240 8188 5 4 4 5 1 4 2 2 1 3
6241 6586 4 2 5 5 3 4 1 5 1 3
6242 8186 3 3 3 3 3 3 3 3 1 3
6243 6846 4 4 4 4 4 4 4 4 2 3
6244 6586 5 5 5 5 5 5 5 5 2 3
6245 6586 5 5 5 5 4 5 2 3 2 3
6246 6572 1 1 1 1 5 3 1 1 1 3
6247 6586 1 1 1 2 1 3 1 1 2 3
6250 6584 4 3 2 5 3 4 1 2 1 3
6251 6582 5 5 5 5 5 5 5 3 1 3
6252 6582 1 1 1 1 5 4 1 1 1 3
6253 8193 4 2 4 2 1 5 2 1 2 3
6254 6576 2 2 3 4 5 5 2 5 1 3
6255 6574 3 3 3 3 3 3 3 3 1 3
6256 6574 4 3 4 4 3 3 2 2 1 3
6257 6581 1 1 1 1 1 1 1 1 1 3
6258 7228 4 5 4 4 1 4 1 3 2 1
6259 6574 4 5 5 5 5 5 5 5 2 3
6260 6582 3 3 3 3 3 3 3 3 2 3
6262 6582 4 4 4 1 2 5 2 1 2 3
6263 6575 4 4 3 4 2 4 2 2 2 3
6264 7169 4 3 4 4 2 4 3 2 2 3
6265 6582 4 4 4 4 5 4 4 5 2 3
6268 6508 5 2 4 4 1 5 2 4 2 3
6270 6512 3 2 3 2 2 4 3 4 1 3
6271 8169 3 2 2 3 2 2 2 3 1 3
6272 6512 1 1 1 1 1 1 1 1 1 3
6274 6512 4 2 3 4 1 1 1 1 2 3
6277 8169 1 1 1 1 4 3 1 1 1 3
6278 6320 4 4 4 3 3 5 2 2 2 2
6279 6512 4 4 4 4 3 4 4 4 2 3
6280 6522 4 5 3 5 2 5 3 2 2 3
6281 6512 1 1 1 1 1 1 1 1 1 3
6282 8169 2 2 2 2 2 2 2 2 1 3
6284 6512 1 3 5 3 3 1 1 4 1 3
6286 6508 1 1 1 1 1 1 1 1 1 3
6287 6508 3 2 3 2 2 2 2 2 2 3
6288 6521 4 4 4 4 5 3 4 5 2 3
6289 6048 3 3 3 3 4 3 2 3 1 1
6290 8014 4 3 3 5 3 4 2 1 1 1
6291 6512 2 2 2 3 2 2 2 2 1 3
6292 6522 4 5 5 5 4 5 5 3 2 3
6294 6508 5 5 5 5 5 5 5 5 2 3
6295 6512 2 2 2 2 2 2 2 2 1 3
6296 6519 2 2 2 2 4 3 2 2 1 3
6297 6516 5 5 5 5 3 5 5 5 1 3
6298 6516 1 1 1 1 1 1 1 1 1 3
6299 8168 2 2 4 4 4 3 2 4 2 3
6300 6506 4 4 4 4 2 5 3 3 1 3
6302 6511 1 1 1 1 4 1 1 1 1 3
6303 6513 2 2 2 2 2 2 2 3 2 3
6304 7253 4 4 4 4 4 4 3 4 1 2
6305 6511 4 2 1 4 4 4 1 1 1 3
6306 9003 2 2 2 2 4 3 2 2 1 1
6307 6515 3 3 2 2 1 4 1 1 1 3
6308 6515 4 4 3 4 2 4 1 1 1 3
6309 7274 4 4 4 1 5 4 1 1 2 3
6310 6510 4 4 3 4 3 4 2 1 2 3
6311 6510 5 4 4 5 3 4 1 4 2 3
6312 6515 3 4 3 4 2 4 2 2 1 3
6313 6510 4 4 3 4 2 4 3 1 1 3
6314 6515 4 4 4 4 4 4 4 4 2 3
6315 8162 1 1 1 1 1 1 1 1 1 3
6316 6511 5 3 2 4 1 1 1 1 1 3
6317 7168 3 3 3 3 3 3 3 3 2 3
6318 6516 3 3 4 4 1 3 3 3 2 3
6319 6515 1 1 1 1 1 1 1 1 1 3
6320 6514 3 1 1 3 3 1 1 1 2 3
6321 6510 4 4 3 3 4 4 3 3 1 3
6322 6293 4 4 4 4 3 5 4 3 2 2
6323 6436 4 3 4 4 4 4 3 3 1 3
6324 8167 3 3 3 3 3 4 2 3 2 3
6326 7251 5 5 5 5 1 5 3 3 1 2
6327 6515 2 3 2 4 1 5 1 1 1 3
6328 6057 5 5 5 5 5 5 5 2 2 1
6329 8170 1 1 1 3 1 4 1 2 2 3
6330 6515 4 4 4 4 3 5 4 3 1 3
6331 6516 1 1 1 1 1 1 1 1 1 3
6333 6510 3 2 3 2 3 3 2 3 2 3
6335 6515 2 1 1 1 4 2 1 4 2 3
6336 6320 4 4 5 4 4 4 4 3 2 2
6337 6520 1 1 1 1 1 1 1 1 2 3
6339 6518 4 4 2 2 2 4 2 2 1 3
6340 6520 4 4 4 4 3 3 2 3 1 3
6341 6048 4 1 2 4 1 5 1 1 2 1
6342 6518 1 1 1 1 5 2 1 1 1 3
6343 6509 4 2 4 3 5 5 1 5 1 3
6344 8167 2 2 2 2 1 2 2 2 2 3
6345 6509 4 4 3 4 4 4 3 3 2 3
6346 6568 4 5 4 5 4 2 2 2 2 3
6348 6520 3 1 1 5 1 4 1 1 1 3
6349 6513 5 5 5 5 4 5 4 5 2 3
6350 8168 2 1 1 1 2 2 1 2 2 3
6351 6568 2 2 2 2 4 4 2 4 1 3
6352 6509 1 1 1 1 1 1 1 1 2 3
6353 6520 4 4 4 4 2 5 2 4 2 3
6354 6520 4 2 4 4 3 2 1 3 1 3
6355 6511 3 3 4 3 4 4 4 1 1 3
6356 6518 3 3 3 3 3 3 3 3 2 3
6358 6520 4 4 2 4 3 4 1 2 2 3
6359 8013 3 1 2 3 2 3 1 1 2 1
6360 7275 5 5 5 4 1 4 2 2 2 3
6361 6520 3 2 2 2 1 4 1 1 1 3
6362 7278 4 2 3 5 1 4 2 3 1 4
6363 6648 3 3 2 2 1 2 2 3 1 3
6364 6509 3 3 2 4 2 2 3 2 2 3
6365 6513 2 1 1 1 5 2 1 1 2 3
6366 6509 4 3 3 3 4 4 3 4 1 3
6367 6518 3 3 4 3 4 4 2 3 2 3
6368 6523 4 2 3 5 3 2 1 1 1 3
6369 8168 1 1 1 1 1 1 1 1 1 3
6370 6568 4 3 4 5 3 4 1 2 1 3
6371 6517 2 4 5 5 5 5 3 2 2 3
6372 6509 5 4 5 5 5 5 2 4 1 3
6376 8006 4 3 5 5 1 3 1 2 1 1
6377 6484 4 4 4 4 5 5 3 1 2 3
6379 8165 4 2 3 5 2 3 1 1 1 3
6381 8165 1 1 1 1 1 1 1 1 1 3
6382 6484 1 1 3 3 4 4 2 4 1 3
6383 6481 4 1 4 5 4 1 1 3 1 3
6384 7274 5 5 5 5 3 5 4 3 2 3
6386 6484 3 1 1 2 4 4 1 1 1 3
6387 6484 3 2 2 3 2 4 2 2 1 3
6393 6484 1 1 4 1 1 1 1 4 1 3
6394 6484 4 2 5 4 3 5 5 3 2 3
6395 6484 1 1 1 1 1 1 1 1 1 3
6396 8007 3 5 5 3 4 4 4 4 2 1
6397 6484 3 4 4 5 1 4 1 1 2 3
6400 6481 2 4 5 2 4 5 4 5 2 3
6402 7173 5 5 5 5 5 5 1 1 2 3
6403 6663 2 2 2 3 2 4 2 2 1 3
6404 6665 4 4 4 4 2 4 4 4 1 3
6405 6663 3 2 4 4 4 4 1 4 2 3
6406 6666 4 4 4 3 3 4 3 2 2 4
6407 7173 5 4 4 5 4 5 3 3 2 3
6408 6663 3 4 4 5 2 4 4 2 1 3
6409 7173 5 5 5 5 1 1 1 5 1 3
6410 6447 2 4 2 3 3 4 2 1 1 3
6411 6666 4 4 4 4 4 3 2 2 2 4
6412 8208 4 3 4 3 2 3 2 4 2 4
6413 6663 5 5 5 5 4 5 4 4 2 3
6414 6663 3 3 3 4 3 4 2 3 1 3
6415 6663 4 4 3 3 3 3 3 3 2 3
6416 8209 4 4 4 3 3 3 3 3 1 4
6417 8209 4 3 5 4 4 3 2 3 1 4
6418 6664 2 2 2 2 3 4 1 1 1 3
6419 6663 4 4 4 5 4 5 3 4 2 3
6420 8160 5 3 4 5 3 5 4 3 2 3
6421 8209 4 4 5 5 1 5 5 4 1 4
6422 6663 3 2 5 4 4 4 2 5 2 3
6424 6663 3 2 2 2 1 2 1 2 1 3
6425 6663 2 2 2 2 2 2 2 2 1 3
6427 6665 1 1 1 1 1 1 1 1 1 3
6428 8158 4 1 1 1 3 3 3 3 1 3
6429 6450 5 5 4 4 5 5 1 1 2 3
6431 6666 4 4 4 4 3 4 2 1 2 4
6433 6454 2 1 1 1 1 1 1 1 2 3
6435 6448 3 3 2 2 2 3 2 2 1 3
6436 6448 3 3 3 3 3 3 3 3 2 3
6437 6447 2 1 1 1 1 1 1 3 2 3
6438 6452 3 3 4 3 3 3 3 4 2 3
6439 6448 4 3 3 5 4 4 3 4 2 3
6440 6452 1 1 1 1 1 1 1 1 2 3
6442 6447 3 2 4 2 3 3 2 2 2 3
6445 6665 4 4 3 4 2 4 3 3 2 3
6446 8159 1 1 3 3 4 3 4 3 1 3
6447 6444 3 3 3 3 3 3 3 3 1 3
6449 6444 4 4 4 4 1 1 1 2 1 3
6450 8159 4 3 4 2 1 3 1 1 2 3
6451 8159 1 1 1 1 1 1 1 1 1 3
6452 6444 4 2 2 2 2 4 2 2 2 3
6453 7274 4 4 5 5 3 5 4 2 2 3
6454 6440 3 3 3 3 3 3 3 3 1 3
6455 6451 1 2 3 3 3 3 1 3 2 3
6456 6453 4 4 4 4 3 4 4 4 2 3
6457 6665 2 2 2 2 2 2 2 2 2 3
6458 6453 4 5 5 3 5 5 5 4 2 3
6460 6201 4 3 2 4 2 5 2 1 2 2
6461 6441 3 4 4 3 4 3 3 4 1 3
6463 7281 4 3 4 4 3 3 2 4 1 3
6464 6451 1 1 1 1 4 4 1 1 1 3
6465 6445 4 4 3 4 3 4 2 2 2 3
6466 8159 4 3 3 3 4 4 3 4 1 3
6467 6444 4 4 5 5 4 5 3 2 2 3
6470 6453 5 4 4 2 2 4 3 3 1 3
6473 6453 4 3 4 5 1 5 1 4 2 3
6474 8159 3 3 3 3 2 3 2 2 2 3
6476 6440 2 4 2 2 1 3 1 1 1 3
6477 6453 3 3 4 3 3 4 3 3 1 3
6480 6451 3 3 3 2 3 3 2 2 1 3
6484 6451 3 4 4 4 4 5 3 3 1 3
6485 6444 5 4 5 5 4 4 5 3 1 3
6490 6648 4 4 4 3 4 5 4 4 1 3
6491 6648 4 1 2 1 4 4 1 3 1 3
6492 6649 5 5 5 5 4 5 3 5 1 3
6494 6646 3 4 3 4 2 4 3 4 2 3
6495 7276 4 4 4 4 4 4 4 4 2 3
6496 7286 4 2 3 3 5 4 4 3 2 3
6498 6649 4 4 3 2 1 5 2 1 1 3
6499 6647 3 3 3 3 3 3 3 3 1 3
6500 6646 3 2 3 2 4 3 1 3 2 3
6501 6668 5 5 4 5 4 5 5 3 2 4
6503 8206 3 3 3 3 3 3 3 3 1 3
6504 6649 3 3 3 2 4 4 1 2 1 3
6506 8206 1 1 1 1 1 1 1 1 1 3
6507 6644 4 4 5 4 2 4 2 2 1 3
6508 6645 1 1 1 1 1 1 1 1 1 3
6509 6649 4 1 1 1 1 1 1 1 2 3
6510 6645 4 3 4 5 4 5 3 2 2 3
6512 6649 1 1 3 1 3 1 1 1 1 3
6513 6649 4 3 3 4 3 4 2 2 2 3
6514 6669 3 2 4 2 4 3 3 4 2 3
6516 6646 5 2 3 1 1 1 1 4 2 3
6517 8214 5 5 5 4 5 5 5 5 2 3
6518 9997 1 1 1 1 1 1 1 1 1 4
6519 6649 2 2 2 2 2 2 2 2 2 3
6520 6649 4 2 4 2 3 4 1 1 1 3
6521 7167 4 3 4 4 4 4 4 2 1 4
6523 7167 1 1 2 1 1 3 2 2 2 4
6524 8205 3 3 2 2 1 2 1 3 2 3
6525 6651 3 3 3 2 2 2 2 3 2 3
6526 6643 3 3 3 3 3 3 3 3 2 3
6527 6652 5 5 5 5 5 5 5 5 2 3
6528 8289 1 1 1 3 1 4 1 1 1 3
6530 8206 1 1 1 1 1 1 1 1 1 3
6531 6653 1 1 1 1 5 1 1 5 1 3
6532 6643 1 1 1 1 1 1 1 1 1 3
6533 6643 5 4 5 5 5 5 3 2 2 3
6534 8025 4 3 2 3 2 4 1 1 2 1
6535 6643 3 2 4 2 2 2 2 3 1 3
6536 6650 2 2 2 2 2 2 2 2 1 3
6537 8206 1 1 1 1 1 1 1 1 1 3
6538 6652 5 4 5 4 2 5 4 4 2 3
6539 6062 4 4 4 4 4 4 5 3 2 1
6541 6643 3 2 2 4 4 4 2 3 1 3
6542 6643 2 2 3 2 2 4 3 2 1 3
6543 8204 2 2 2 2 2 2 2 2 1 3
6544 6653 3 4 2 4 3 4 2 2 2 3
6545 6652 5 5 5 5 4 5 2 5 2 3
6546 6643 1 1 1 1 1 1 1 1 1 3
6547 8030 1 1 1 1 1 1 1 1 1 1
6548 6647 4 3 4 5 2 3 1 3 1 3
6549 6647 1 1 1 1 3 1 1 3 2 3
6550 7170 3 3 3 3 3 3 3 3 1 3
6551 6647 4 4 4 4 4 4 4 4 1 3
6553 8024 2 2 3 3 3 3 3 2 2 1
6554 6652 4 4 5 4 5 5 1 3 2 3
6555 6643 4 3 3 2 1 4 1 2 2 3
6556 6652 2 3 4 3 3 4 3 2 2 3
6557 8206 2 2 2 2 2 2 2 2 1 3
6558 6648 4 4 4 3 3 4 2 3 1 3
6559 6648 3 4 2 4 2 5 3 2 1 3
6560 6643 1 1 3 4 1 1 4 4 1 3
6562 6604 2 1 2 2 2 4 1 1 2 3
6563 8166 4 3 4 4 4 4 3 3 1 3
6564 6607 4 4 3 4 5 4 3 3 1 3
6565 6607 3 3 3 4 4 4 3 2 2 3
6566 6605 5 4 5 5 5 5 5 5 1 3
6567 6605 4 4 4 5 3 5 5 3 2 3
6568 6605 5 5 5 5 5 5 5 5 2 3
6569 7220 4 4 4 4 3 4 3 4 1 1
6570 6605 4 2 5 2 4 4 3 4 2 3
6571 6606 3 3 3 3 3 3 3 3 2 3
6572 6129 3 3 3 3 3 4 3 3 2 1
6573 6606 4 4 4 4 4 4 3 4 2 3
6575 6607 3 4 3 5 2 4 3 1 1 3
6576 6607 3 3 3 3 3 3 3 3 1 3
6577 6604 3 4 4 1 4 4 2 2 2 3
6579 6604 2 2 2 2 2 2 2 2 2 3
6580 7170 4 3 2 4 1 4 1 2 1 3
6581 6605 3 3 4 4 2 4 2 3 2 3
6582 6605 4 3 5 4 5 5 2 4 1 3
6583 6606 4 4 4 5 2 4 2 2 2 3
6584 6606 4 4 4 2 4 4 4 4 2 3
6585 8166 2 2 2 2 3 2 2 4 2 3
6586 6504 5 4 5 5 5 5 5 5 2 3
6587 6605 1 1 1 1 1 1 1 1 1 3
6588 6605 1 1 1 1 3 1 1 1 1 3
6589 6605 4 4 4 5 3 5 3 2 2 3
6590 6607 1 1 1 1 1 1 1 2 1 3
6591 6607 5 4 5 5 2 5 5 4 2 3
6593 6605 2 2 2 2 2 2 2 2 1 3
6594 6605 4 1 5 5 1 5 1 5 2 3
6595 6607 1 1 1 3 1 1 1 1 2 3
6596 6605 3 2 2 3 2 2 2 2 1 3
6597 6606 4 3 5 4 4 4 4 3 2 3
6598 8166 4 4 5 5 5 5 5 3 1 3
6599 6605 1 1 1 1 1 1 1 1 1 3
6600 6605 3 3 4 4 5 5 5 4 2 3
6602 6604 2 1 2 4 4 3 3 5 1 3
6605 6502 3 3 3 3 3 3 3 3 1 3
6606 6492 4 4 4 5 2 4 1 2 2 3
6607 7186 4 3 3 4 1 3 4 3 1 3
6608 6143 2 2 3 1 4 5 1 2 2 1
6609 6502 1 1 1 1 1 1 1 1 2 3
6610 6502 4 4 4 4 2 4 2 2 1 3
6612 6501 4 4 4 3 4 4 3 2 2 3
6614 8019 2 2 2 2 2 2 2 2 1 1
6615 6489 3 3 2 2 1 2 2 2 2 3
6616 6501 3 3 4 4 4 4 3 2 2 3
6617 6474 5 5 4 5 3 5 1 1 2 3
6619 8062 4 2 4 4 2 4 2 3 2 1
6620 6502 3 3 3 3 3 5 3 3 2 3
6621 6312 2 2 2 2 2 2 2 2 1 2
6622 6489 2 2 2 4 3 3 2 3 1 3
6623 6502 2 2 5 2 3 4 3 3 1 3
6624 6501 5 5 5 4 4 5 4 5 2 3
6625 6503 1 1 1 1 1 1 1 1 2 3
6627 6503 4 4 5 4 5 5 4 3 2 3
6628 6503 2 4 3 2 4 4 2 3 2 3
6629 8256 3 2 4 3 2 2 2 2 1 4
6630 6492 2 3 3 2 3 3 2 1 1 3
6631 6489 3 3 2 4 2 4 2 2 1 3
6632 6503 4 3 4 4 3 3 2 4 2 3
6633 6475 3 2 2 2 2 2 2 2 1 3
6634 8202 3 5 4 2 5 5 1 1 2 4
6636 6487 3 3 3 3 1 3 2 2 2 3
6637 6503 1 1 1 1 1 1 1 1 1 3
6638 7238 4 3 4 3 3 4 4 3 1 2
6639 6502 4 4 5 5 3 4 2 2 1 3
6640 6502 4 3 5 4 3 4 3 3 2 3
6641 6502 1 1 1 1 1 1 1 1 1 3
6642 6492 1 1 1 1 1 1 1 1 1 3
6643 6502 4 4 4 4 2 4 3 4 2 3
6646 8062 4 4 5 5 2 4 4 4 2 1
6647 6502 3 3 3 3 3 3 3 3 1 3
6648 6540 3 3 4 2 1 2 2 1 1 3
6649 6492 4 4 4 5 3 4 2 2 2 3
6650 6502 4 4 4 4 4 4 4 4 2 3
6651 6489 3 3 3 3 3 3 3 3 1 3
6652 6502 4 4 4 3 5 4 4 4 2 3
6653 6503 4 3 5 4 2 4 3 2 2 3
6654 6492 5 5 3 5 1 5 1 2 2 3
6656 6501 5 4 5 5 2 5 5 2 2 3
6657 6489 4 3 3 3 2 3 2 3 1 3
6658 6503 4 3 5 5 3 5 4 3 2 3
6659 8028 1 1 1 1 2 1 1 1 1 1
6660 6502 2 3 2 2 2 2 2 2 1 3
6661 6042 4 4 4 3 2 4 3 2 1 1
6662 6502 4 4 5 3 4 4 2 3 1 3
6663 6502 4 5 5 5 -999 5 5 5 2 3
6664 6495 5 5 5 5 4 5 2 4 2 3
6666 6489 2 2 2 2 2 2 2 2 1 3
6667 6501 1 1 1 1 1 1 1 5 1 3
6669 6503 1 1 3 3 3 3 1 1 1 3
6670 6735 4 4 4 4 3 4 2 2 1 3
6671 6496 4 4 4 4 3 4 3 2 2 4
6672 6502 3 3 4 3 1 4 1 1 2 3
6673 6501 5 5 5 5 5 5 5 5 1 3
6676 6502 4 3 4 4 3 4 2 3 2 3
6677 6501 2 2 2 3 1 1 1 3 1 3
6679 8252 5 5 3 4 5 3 3 5 1 4
6681 6534 1 1 1 1 1 1 1 1 1 3
6682 6536 5 5 5 5 5 5 5 5 1 3
6683 6571 1 1 1 1 1 1 1 1 1 3
6684 8174 4 2 4 4 3 4 2 2 2 3
6687 6467 4 2 4 4 3 5 3 4 2 3
6689 8174 4 2 3 1 1 1 1 1 2 3
6690 6540 4 5 4 4 2 5 5 3 2 3
6692 6526 4 4 5 4 2 4 4 4 2 3
6693 8175 3 2 3 2 4 4 4 4 1 3
6695 6541 3 3 3 2 3 4 2 2 2 3
6696 6542 1 2 1 1 1 1 1 1 2 3
6697 6540 1 1 1 1 1 1 1 1 2 3
6698 6467 3 3 3 3 3 3 3 3 2 3
6699 8175 3 2 2 2 3 2 2 2 1 3
6700 6533 2 1 1 2 4 2 1 1 1 3
6701 6538 4 4 4 5 3 5 3 3 2 3
6702 8175 4 4 4 4 3 4 1 1 2 3
6703 8174 4 4 4 4 4 4 2 3 2 3
6704 6527 5 3 2 4 3 4 1 1 2 3
6705 8175 1 1 1 1 4 1 1 3 2 3
6706 6536 2 2 3 2 2 3 1 1 1 3
6707 6540 1 1 1 1 1 1 1 1 2 3
6708 6540 3 3 5 3 5 5 5 5 2 3
6709 6526 3 4 3 4 3 4 3 4 1 3
6710 6536 3 3 1 4 1 1 1 1 1 3
6711 8174 3 3 3 3 3 4 3 3 2 3
6712 7107 5 2 5 5 3 5 1 5 2 1
6713 7082 4 2 4 3 3 4 3 2 1 3
6716 8173 2 2 2 2 2 2 2 2 2 3
6717 8175 2 2 2 2 1 2 1 1 2 3
6718 6535 2 2 5 4 2 4 3 3 2 3
6719 6535 1 1 1 1 1 1 1 1 2 3
6720 8175 1 1 1 1 1 1 1 1 1 3
6721 8171 1 1 1 1 1 1 1 1 1 3
6723 6544 2 2 3 2 2 2 2 2 2 3
6724 6526 5 4 3 2 3 4 3 2 2 3
6725 6668 3 3 4 3 4 4 3 2 2 4
6726 8174 1 1 1 1 5 4 1 4 2 3
6727 6526 5 3 2 5 5 5 1 3 2 3
6728 6535 4 4 5 5 3 4 4 3 2 3
6729 6544 5 3 4 5 4 4 2 1 1 3
6730 6527 4 5 5 1 5 5 3 3 2 3
6733 6544 2 1 2 2 1 2 1 3 1 3
6734 8174 5 4 4 5 2 5 4 5 2 3
6735 6535 3 3 4 3 3 3 3 3 2 3
6736 8175 4 4 5 3 3 4 3 4 2 3
6737 6543 1 1 1 1 1 1 1 1 1 3
6739 6534 3 3 3 4 4 4 3 4 1 3
6740 8175 4 3 4 4 3 5 1 2 2 3
6741 6535 4 4 4 4 2 4 2 2 2 3
6742 6532 4 3 4 3 4 2 2 3 1 3
6743 6526 5 4 4 5 3 5 2 2 2 3
6744 6527 3 2 2 2 3 2 2 2 2 3
6745 8174 4 4 3 4 3 4 2 4 2 3
6746 6530 3 1 1 1 4 1 1 1 2 3
6747 7273 2 2 2 2 2 3 1 2 2 4
6748 7287 2 3 3 2 4 4 2 1 2 3
6749 6530 4 4 5 4 2 5 2 4 2 3
6755 7194 5 4 2 5 4 5 1 1 1 3
6761 6467 4 4 4 4 4 4 2 3 2 3
6762 8174 2 2 2 2 2 2 2 2 1 3
6763 8175 3 3 4 3 3 2 3 3 1 3
6764 6470 2 2 2 2 2 1 1 1 1 3
6765 6470 1 1 1 1 1 1 1 1 1 3
6767 6470 5 5 5 5 1 5 5 3 1 3
6768 6471 3 4 3 3 4 4 1 2 2 3
6769 8163 2 2 2 2 2 2 2 2 2 3
6773 6470 4 2 1 4 1 4 1 1 1 3
6775 6471 4 2 2 3 2 3 1 1 2 3
6776 6470 1 1 1 4 1 1 1 1 1 3
6778 7347 1 1 1 1 1 1 1 1 1 1
6779 6467 5 4 5 5 4 5 5 4 2 3
6780 6470 4 4 4 4 2 4 1 2 1 3
6781 6469 3 3 3 3 3 3 3 3 2 3
6782 6471 2 2 2 2 3 2 2 2 1 3
6783 6469 2 2 2 2 1 2 1 1 1 3
6784 8174 3 2 3 2 1 2 2 4 2 3
6785 6467 5 5 5 3 3 5 2 2 2 3
6786 8163 1 1 1 1 1 3 1 1 2 3
6787 6470 2 2 4 4 2 4 2 2 1 3
6790 6470 4 3 2 4 3 4 1 3 1 3
6791 6471 1 1 1 3 2 2 1 2 2 3
6792 8163 2 2 4 4 4 4 4 4 2 3
6793 6470 3 3 3 3 3 3 3 3 1 3
6794 6811 2 2 2 2 2 2 2 2 2 3
6798 8173 3 1 1 4 1 1 1 1 1 3
6799 7044 4 4 4 4 3 4 2 2 2 3
6801 8163 2 2 1 1 2 4 1 1 2 3
6803 6627 3 3 3 2 3 3 1 3 2 3
6804 6627 5 5 5 5 1 5 5 5 1 3
6805 6524 4 4 3 5 5 5 1 2 2 3
6806 6627 4 4 4 4 3 4 4 3 2 3
6807 6531 1 1 1 2 1 2 1 1 1 3
6809 6627 3 2 1 4 3 3 1 2 1 3
6810 6627 2 2 4 2 1 2 2 4 1 3
6811 6003 4 4 4 4 3 4 2 2 2 1
6812 8171 2 2 2 3 2 3 2 2 1 3
6813 6629 5 3 3 3 1 4 4 1 2 3
6814 6627 3 3 3 3 3 3 3 3 1 3
6815 6706 1 1 1 1 1 1 1 1 1 3
6816 6627 4 4 3 5 4 5 3 2 2 3
6817 6627 5 4 5 2 2 4 4 4 2 3
6818 6627 3 4 4 4 5 5 5 5 2 3
6820 6624 4 4 4 4 3 4 3 2 2 3
6821 8171 3 3 3 3 2 3 2 3 2 3
6822 8171 3 4 4 3 1 3 2 3 2 3
6823 6629 3 3 2 2 3 2 2 2 1 3
6824 7279 1 1 1 1 4 2 1 3 2 3
6825 6587 4 4 1 1 4 4 1 1 2 3
6826 6627 5 5 5 5 5 5 5 1 1 3
6827 6627 3 4 3 4 3 4 4 2 2 3
6828 6627 1 1 1 3 5 5 2 1 1 3
6829 6635 2 2 2 2 2 2 2 2 2 3
6832 7195 4 4 4 4 4 4 3 3 1 3
6834 6704 4 4 4 4 2 4 3 2 2 4
6835 6635 2 4 4 4 4 2 1 3 1 3
6837 6627 2 2 4 2 2 3 2 4 2 3
6838 6627 2 2 2 2 2 2 1 1 1 3
6839 6627 4 4 4 5 2 4 3 4 1 3
6840 6627 1 1 1 1 1 1 1 1 1 3
6841 6627 3 4 4 4 5 4 3 5 1 3
6842 6627 2 1 4 3 4 4 3 4 2 3
6844 6634 3 3 3 3 3 3 3 3 2 3
6845 6634 2 2 4 2 4 4 4 4 2 3
6846 6622 4 3 3 5 1 5 2 3 2 3
6847 6639 4 4 4 4 4 4 4 4 2 3
6848 6622 3 2 2 2 1 4 1 1 1 3
6849 6622 1 1 1 1 1 1 1 1 1 3
6851 6622 4 5 4 5 4 5 4 4 1 3
6853 6622 2 2 2 2 2 2 2 2 2 3
6854 8177 4 2 2 3 2 3 1 1 2 3
6855 7171 4 5 3 3 3 4 2 2 2 3
6856 6634 4 4 5 4 2 5 5 3 2 3
6858 6622 1 1 1 5 1 5 1 1 1 3
6859 6634 4 5 5 1 1 1 1 4 1 3
6860 6622 3 3 3 3 4 3 3 3 1 3
6861 6622 3 3 3 3 2 3 2 2 1 3
6862 6628 3 3 2 2 2 4 2 2 2 3
6864 6634 5 4 5 5 1 5 2 1 2 3
6866 8181 4 2 1 1 1 3 2 1 1 3
6867 6639 3 2 3 3 4 3 3 4 2 3
6868 6634 1 3 1 3 1 4 1 3 2 3
6869 6622 5 3 4 4 5 3 2 3 2 3
6870 6634 4 3 3 3 2 4 2 3 1 3
6871 8194 5 4 4 5 4 5 2 2 1 3
6872 6622 4 3 3 5 1 5 4 1 1 3
6873 9019 1 1 1 1 1 1 1 1 1 4
6874 6631 2 2 2 2 2 2 2 2 1 3
6875 7238 5 5 5 5 1 5 2 5 1 2
6876 6619 3 2 1 4 1 4 1 1 2 3
6877 8203 3 3 3 3 3 3 3 3 1 3
6878 6636 1 1 1 1 1 1 1 1 1 3
6879 6631 1 1 1 1 1 1 1 1 1 3
6880 6631 4 4 5 4 5 5 1 2 1 3
6881 6631 2 2 4 4 2 5 2 3 2 3
6882 6631 1 5 4 4 4 5 3 3 2 3
6883 6637 3 2 3 5 3 5 1 3 2 4
6885 6623 4 4 3 4 4 4 2 2 2 3
6888 8203 3 3 3 3 3 3 3 3 2 3
6890 6631 2 2 2 2 2 2 2 2 1 3
6891 9017 4 4 2 4 2 4 2 2 1 1
6892 8203 3 2 3 4 3 2 2 2 1 3
6893 6619 3 2 2 2 1 1 1 1 2 3
6894 6619 3 4 3 2 4 4 2 3 2 3
6895 8203 3 4 4 3 1 3 2 2 2 3
6896 6636 5 5 5 5 5 5 2 5 1 3
6897 6636 4 3 3 4 4 4 2 3 1 3
6898 6636 2 2 5 4 3 3 1 2 1 3
6899 6636 3 3 5 5 3 4 1 5 1 3
6900 8203 1 1 1 1 1 1 1 1 1 3
6901 6619 2 2 2 2 2 2 2 2 1 3
6902 6631 3 2 1 2 1 3 1 1 1 3
6903 6633 3 3 4 3 2 3 3 3 2 4
6904 6631 3 2 4 3 2 3 2 3 2 3
6905 6631 4 4 4 4 4 4 4 4 2 3
6906 6631 1 1 1 1 1 1 1 1 2 3
6908 7113 4 5 5 4 5 5 5 5 1 1
6911 6628 3 2 3 2 3 4 2 1 1 3
6912 6628 3 3 3 3 4 4 3 3 1 3
6914 8053 4 4 4 4 4 4 2 3 2 1
6916 6640 2 2 2 3 2 4 2 1 1 3
6917 6628 3 4 2 4 1 4 1 1 1 3
6918 6628 3 3 3 3 3 3 3 3 1 3
6919 6625 5 5 5 5 3 5 5 2 2 3
6920 6628 5 5 4 3 2 5 4 4 2 3
6921 6484 1 1 1 1 1 1 1 1 2 3
6922 6640 3 3 1 1 1 1 1 1 1 3
6923 6587 4 4 5 4 5 5 3 3 1 3
6924 6630 3 3 1 1 1 3 1 1 1 3
6925 6640 4 2 4 3 4 4 1 3 2 3
6926 6634 4 3 4 4 3 4 2 3 1 3
6927 6628 4 3 4 4 3 4 3 2 1 3
6928 6628 3 2 3 4 2 5 1 1 1 3
6929 6630 2 2 2 3 4 2 1 1 2 3
6931 6628 3 5 5 5 3 5 5 5 2 3
6932 6628 4 4 4 4 3 5 3 3 2 3
6933 6628 2 2 2 2 3 3 2 2 1 3
6934 6628 5 4 4 4 4 4 4 3 2 3
6936 8172 3 4 2 3 4 4 1 1 1 3
6938 6628 3 3 3 3 3 2 1 5 1 3
6939 6630 4 4 4 2 2 3 1 1 1 3
6941 6628 1 1 1 1 1 1 2 1 2 3
6943 6985 1 1 1 2 1 1 1 1 2 4
6944 6626 3 2 2 3 2 3 2 3 2 3
6945 6638 4 3 3 4 3 4 2 2 1 3
6946 6639 4 5 5 5 5 5 5 5 1 3
6947 6657 3 3 3 3 3 3 2 2 2 3
6948 6658 3 1 1 5 1 3 1 1 2 3
6949 6659 5 4 4 3 3 5 3 4 2 3
6950 6658 1 1 1 1 1 1 1 1 1 3
6952 6658 3 3 3 3 1 1 1 2 1 3
6953 6655 4 4 4 4 3 4 4 2 1 4
6954 6658 4 2 1 4 4 3 1 5 2 3
6957 6658 2 2 2 2 2 2 2 2 2 3
6958 6654 3 1 1 3 3 2 1 1 2 3
6959 6658 3 4 3 4 4 4 3 3 2 3
6960 6589 4 4 4 3 4 5 2 2 2 3
6961 6657 4 5 5 4 1 4 3 4 2 3
6962 6780 2 2 3 3 3 4 3 3 2 3
6963 6658 1 1 1 1 1 1 1 1 1 3
6964 6540 2 2 2 2 2 2 2 2 1 3
6965 6657 5 5 5 5 4 4 4 4 2 3
6966 6659 4 3 4 2 4 3 2 4 2 3
6967 6658 4 5 3 1 1 5 1 2 1 3
6968 6656 4 3 4 2 5 5 2 1 1 3
6969 6656 4 5 4 4 3 5 4 4 1 3
6970 6655 1 1 1 1 1 1 1 1 1 4
6972 6659 4 4 4 5 3 4 1 1 1 3
6973 6656 1 1 1 3 3 2 2 2 1 3
6974 6658 4 4 5 4 5 5 4 5 2 3
6975 7228 4 4 2 3 1 4 1 1 2 1
6976 6660 1 1 1 1 1 1 1 1 1 4
6977 6623 4 4 4 4 3 4 3 3 1 3
6978 6659 5 3 5 4 2 5 2 2 2 3
6979 6659 3 3 3 3 3 3 3 4 2 3
6980 6658 2 3 4 2 3 4 2 3 1 3
6981 6656 5 3 5 5 4 5 1 4 1 3
6983 6658 1 1 1 1 1 1 1 5 1 3
6984 6655 1 1 1 2 3 3 1 1 1 4
6985 6655 4 3 3 3 4 2 2 2 1 4
6986 6658 3 1 1 1 2 2 1 1 1 3
6987 6391 5 5 5 5 5 5 1 5 1 2
6989 6591 4 4 5 5 3 5 5 3 2 3
6990 6591 3 2 2 2 2 2 2 2 2 3
6991 6591 5 5 4 4 5 5 4 5 2 3
6993 8195 5 5 5 5 1 4 1 3 1 4
6994 6590 4 3 4 4 3 4 2 3 1 3
6995 6587 1 1 1 1 1 1 1 1 2 3
6996 6591 4 4 4 2 3 4 1 4 2 3
6997 6587 1 1 1 1 1 5 1 5 2 3
6998 6591 4 3 3 4 3 4 3 2 2 3
6999 8195 3 3 3 4 2 3 2 1 1 4
7000 8195 2 3 3 1 1 4 2 1 2 4
7001 8211 1 1 1 1 1 1 1 1 1 3
7002 7177 4 4 4 4 5 5 2 4 1 3
7003 6590 2 1 1 1 3 4 1 4 1 3
7004 8195 3 2 4 2 4 3 1 2 1 4
7005 8195 2 2 2 2 2 2 2 2 1 4
7006 6587 4 3 4 4 3 4 3 4 2 3
7009 6587 5 5 5 5 3 5 4 3 2 3
7010 6590 2 2 2 2 1 1 1 1 1 3
7011 6587 4 3 3 3 3 3 2 3 1 3
7012 6590 2 2 2 2 2 2 1 1 1 3
7013 7283 5 5 3 5 3 5 3 3 1 3
7014 8195 3 2 2 3 3 3 1 3 1 4
7015 6590 4 3 4 2 1 4 2 4 1 3
7016 6587 1 1 1 1 1 1 1 1 2 3
7017 6591 4 4 4 4 3 4 4 4 2 3
7018 6587 4 4 4 5 2 2 3 4 2 3
7019 6591 4 3 4 4 1 4 3 2 2 3
7020 6590 2 2 2 3 3 2 2 2 1 3
7021 6590 4 4 4 4 3 5 3 3 1 3
7023 6591 4 4 4 3 5 5 2 1 2 3
7024 6587 3 3 3 3 3 3 3 3 2 3
7026 6591 4 2 5 3 3 3 4 3 2 3
7027 8196 3 3 3 4 4 5 4 1 2 4
7028 6590 3 3 3 4 2 3 2 2 1 3
7031 6439 1 1 1 1 1 1 1 1 1 4
7032 6438 4 4 4 4 4 4 4 4 2 4
7033 6439 2 2 2 2 2 2 2 2 2 4
7034 7366 3 4 4 2 3 3 3 3 2 3
7035 6439 4 3 3 3 2 4 1 5 2 4
7037 6439 3 3 4 4 5 4 2 3 2 4
7041 6439 5 4 4 5 4 5 3 4 2 4
7042 7178 3 2 2 2 1 2 2 1 1 4
7043 6493 4 5 4 4 4 5 4 3 2 4
7045 6439 4 3 5 4 5 5 3 3 1 4
7046 6438 1 1 1 1 1 1 1 1 1 4
7049 6438 4 4 4 4 4 4 2 3 1 4
7051 6439 4 4 4 4 4 4 5 4 1 4
7052 6468 1 1 1 1 1 1 1 1 2 4
7053 6438 4 5 5 4 3 5 2 4 2 4
7054 6438 3 2 2 3 2 4 2 2 2 4
7055 6438 2 2 2 2 2 2 2 2 2 4
7057 6438 4 3 4 2 3 3 2 4 2 4
7058 6439 4 4 4 5 5 5 5 5 1 4
7059 6493 3 3 4 4 2 3 1 5 2 4
7060 6438 3 3 3 3 1 4 1 1 2 4
7061 6438 4 1 5 5 2 5 2 1 1 4
7062 6439 2 2 2 2 2 2 2 2 1 4
7063 8260 3 3 3 3 3 3 3 3 1 3
7064 6438 4 3 4 4 3 4 4 3 2 4
7065 6438 4 3 4 4 4 4 2 4 1 4
7067 6438 1 1 1 1 1 1 1 1 1 4
7068 6438 4 4 4 5 4 4 3 3 2 4
7070 6438 3 3 4 4 2 3 1 2 1 4
7072 6439 2 2 2 2 2 2 2 2 1 4
7073 6676 5 5 5 5 4 5 3 2 2 4
7074 6676 2 2 2 2 2 2 2 2 1 4
7075 6676 1 1 1 1 1 1 1 1 2 4
7076 6618 1 1 1 1 1 1 1 1 2 3
7077 6676 4 3 4 4 2 2 3 2 1 4
7078 6676 5 5 5 5 3 5 5 2 1 4
7079 6676 2 3 4 2 1 2 2 3 2 4
7080 6676 4 4 4 4 2 4 2 2 2 4
7081 6676 4 4 4 4 1 2 2 2 2 4
7082 6676 3 4 3 2 4 3 2 2 2 4
7083 6676 4 4 4 2 1 1 1 1 2 4
7084 6676 4 2 5 4 2 4 1 2 2 4
7085 6676 4 4 4 2 4 4 1 1 2 4
7088 6676 5 5 5 5 3 3 3 4 1 4
7089 6589 4 3 4 3 3 4 3 4 2 3
7090 6676 4 3 4 4 3 4 3 3 1 4
7091 6676 3 3 3 3 3 3 3 3 1 4
7092 6676 4 4 4 4 1 5 4 5 2 4
7093 6676 4 1 4 5 5 5 3 4 2 4
7095 6676 3 3 4 4 3 3 3 2 2 4
7096 6680 4 4 4 4 4 4 2 3 2 3
7097 6676 3 3 3 3 3 4 2 4 1 4
7098 6676 3 4 3 3 2 3 2 3 2 4
7099 7171 3 3 4 3 3 4 1 2 2 3
7101 6746 1 1 1 1 1 1 1 1 1 4
7102 6676 1 1 1 1 1 1 1 1 1 4
7103 6676 4 4 5 3 2 4 2 4 1 4
7104 6676 5 4 5 5 1 5 3 4 1 4
7105 6676 4 4 4 4 3 4 4 3 2 4
7106 6672 4 4 4 4 2 4 2 1 2 3
7108 6676 3 3 3 4 4 4 2 2 1 4
7109 6674 1 1 1 1 1 1 1 1 1 3
7110 6675 1 1 1 1 1 1 1 1 1 3
7111 6674 2 2 4 4 2 2 2 2 2 3
7112 6676 3 2 2 3 2 2 2 2 1 4
7113 6676 2 2 2 2 2 2 2 2 1 4
7114 6676 3 3 3 3 2 4 3 5 1 4
7115 8211 1 1 1 1 1 1 1 1 1 3
7116 6676 3 2 3 5 1 4 1 1 2 4
7117 6676 1 1 1 1 4 4 3 1 1 4
7120 6579 3 3 4 4 3 3 3 3 1 3
7123 6695 1 1 1 1 1 1 1 1 1 4
7124 6689 4 4 5 3 4 5 1 3 2 4
7125 6687 1 1 1 1 1 1 1 1 1 3
7126 8189 1 1 1 1 1 1 1 1 1 3
7127 6695 1 1 1 1 1 1 1 1 1 4
7128 6582 4 3 5 3 3 4 1 2 2 3
7130 8189 4 4 3 2 2 3 2 1 1 3
7131 6695 3 4 3 5 1 4 2 2 1 4
7133 6582 4 4 5 5 1 4 3 5 2 3
7134 6581 5 5 5 5 5 5 5 5 1 3
7135 8200 4 4 4 1 1 1 1 1 2 3
7137 6689 3 3 3 3 3 4 5 5 1 4
7143 6475 1 1 1 1 1 1 1 1 2 3
7145 6490 4 4 5 5 1 3 2 2 1 4
7146 6490 4 1 1 4 5 3 1 5 1 4
7147 6491 2 1 1 3 3 3 1 1 1 3
7151 6497 3 3 5 4 3 4 1 5 1 4
7153 6490 4 4 5 5 5 5 3 5 1 4
7154 8002 3 2 3 3 1 4 2 2 1 1
7155 8213 3 2 4 3 1 3 3 3 1 3
7156 8060 3 3 3 3 3 3 2 1 1 1
7157 6487 3 3 3 3 3 3 3 3 1 3
7158 7166 4 3 4 4 2 3 1 1 1 4
7160 8213 4 4 4 4 3 4 2 3 2 3
7161 6490 2 2 2 3 2 3 1 1 1 4
7162 6490 3 3 3 4 3 3 2 4 1 4
7163 6492 2 3 2 5 5 5 1 3 2 3
7164 8213 3 3 3 3 3 3 3 3 2 3
7165 6490 4 4 4 4 5 2 3 4 2 4
7166 6491 1 1 1 1 1 1 1 3 1 3
7167 6490 4 4 2 2 2 4 2 2 1 4
7168 6487 4 1 1 2 1 1 1 1 2 3
7169 6495 3 4 4 3 3 3 3 3 2 3
7170 6487 4 4 2 4 1 4 1 1 1 3
7171 6490 3 1 1 1 1 4 1 1 1 4
7172 6490 3 3 3 3 4 3 2 4 1 4
7173 6487 5 5 5 4 5 5 5 5 2 3
7174 6490 3 3 3 3 3 3 1 1 2 4
7175 6491 1 1 1 1 1 1 1 1 1 3
7176 6490 4 3 3 4 3 4 3 2 2 4
7177 6487 3 3 3 3 3 3 3 3 2 3
7178 6487 4 3 4 4 2 4 3 2 1 3
7180 6490 4 3 1 5 1 3 1 1 1 4
7181 6487 1 1 1 1 1 1 1 1 1 3
7182 6490 1 3 1 1 5 3 1 5 2 4
7184 6612 4 4 4 4 4 4 3 4 2 4
7185 6610 2 1 3 2 3 3 2 3 2 4
7187 6611 4 4 5 5 4 4 4 2 2 3
7188 6686 3 4 2 3 1 3 1 1 1 4
7189 6611 5 5 5 5 4 5 5 5 2 3
7190 6611 4 4 4 4 3 4 4 4 2 3
7191 6613 3 2 4 3 2 3 3 3 1 3
7193 6610 4 2 5 5 1 5 3 4 2 4
7194 6612 4 3 3 3 3 3 3 3 2 4
7195 6613 2 3 3 3 2 4 2 2 2 3
7196 6612 2 2 2 2 2 3 1 1 2 4
7197 8202 4 2 2 2 2 4 2 2 2 4
7198 6611 2 2 2 2 2 2 2 2 1 3
7199 6613 1 1 1 1 1 1 1 1 2 3
7200 9015 5 4 4 4 3 4 4 5 2 1
7201 6611 3 2 2 2 2 3 2 2 1 3
7202 6810 5 3 4 5 1 5 2 4 2 3
7204 6613 4 4 4 4 4 4 3 3 2 3
7205 6614 2 2 2 2 2 2 2 2 1 4
7206 6611 1 1 1 1 1 1 1 1 1 3
7207 6611 4 4 4 4 2 4 2 2 2 3
7208 8202 3 3 4 4 2 3 2 3 2 4
7209 6463 3 3 3 3 3 3 3 2 2 3
7210 8202 1 1 1 1 1 1 1 1 2 4
7212 6657 3 3 3 3 3 3 3 3 2 3
7213 6657 4 3 4 2 4 4 4 4 2 3
7214 7225 2 1 1 1 3 1 2 2 1 1
7215 6021 3 3 3 3 3 3 1 1 1 1
7216 6661 2 4 4 2 5 2 2 4 2 4
7217 6661 5 3 4 5 5 5 3 2 2 4
7219 6661 4 2 3 3 3 3 1 3 2 4
7220 6658 1 1 3 1 1 1 1 1 1 3
7221 6661 2 2 3 2 4 2 2 2 2 4
7222 6661 4 2 4 5 2 4 4 3 2 4
7223 6658 3 4 3 3 4 4 2 2 1 3
7224 6661 4 4 3 2 4 5 5 2 1 4
7225 6661 1 1 1 1 4 5 3 4 1 4
7229 6661 3 3 2 3 3 3 1 1 1 4
7230 6656 4 5 4 4 2 3 1 4 1 3
7231 6661 4 3 4 4 1 3 1 3 2 4
7232 6661 2 3 1 1 1 1 1 1 1 4
7234 6661 3 3 3 3 1 3 1 1 2 4
7235 6657 3 5 4 2 4 5 2 3 2 3
7239 6658 4 2 2 2 3 3 1 1 2 3
7240 6661 3 2 2 4 3 4 3 2 1 4
7241 6661 2 1 3 2 2 2 1 1 1 4
7242 6661 4 4 5 5 3 4 1 3 1 4
7243 6658 1 1 1 1 1 1 1 1 2 3
7244 6324 4 4 5 5 5 5 3 4 2 2
7245 6661 5 4 4 5 4 5 4 5 2 4
7247 6660 3 2 2 2 3 3 1 1 2 4
7248 6655 2 2 2 2 2 2 2 2 2 4
7249 6324 3 3 3 4 3 4 1 1 1 2
7251 7288 2 2 2 3 2 3 2 2 1 3
7252 6664 1 1 4 4 4 4 1 1 1 3
7253 6669 3 3 3 3 4 3 3 4 1 3
7254 6662 4 4 4 4 5 5 3 4 2 3
7255 8161 3 3 3 3 2 4 3 2 2 3
7256 6664 3 1 1 4 3 3 1 2 1 3
7258 6664 3 3 4 5 4 5 2 4 1 3
7262 8050 3 2 1 1 1 1 1 1 2 1
7263 7173 5 4 5 5 4 5 5 4 2 3
7264 6667 4 2 4 3 3 4 3 2 1 3
7265 6667 3 3 4 3 3 3 2 2 2 3
7266 6662 2 1 3 3 4 4 1 4 2 3
7267 6667 1 1 2 1 1 1 1 1 1 3
7268 6667 3 4 5 5 4 5 4 2 1 3
7269 8209 4 2 4 5 1 4 1 2 1 4
7271 6973 5 5 5 5 4 5 5 3 2 3
7272 6667 1 1 1 1 1 1 1 1 1 3
7273 6664 4 5 4 5 5 5 3 3 2 3
7274 6667 2 4 2 3 2 4 1 1 1 3
7275 6662 3 3 3 1 3 2 3 1 1 3
7276 6669 5 4 4 5 5 5 4 3 2 3
7280 7166 4 5 3 4 4 4 4 1 2 4
7281 6100 5 5 5 4 4 4 3 3 2 1
7282 6540 4 4 5 4 4 4 2 4 2 3
7284 6490 2 2 2 2 2 2 2 2 2 4
7286 6490 2 1 2 4 3 4 1 1 1 4
7287 6498 3 2 2 2 4 2 2 2 1 4
7288 6490 4 3 4 4 4 5 5 3 1 4
7289 6496 4 3 3 3 2 4 2 2 1 4
7290 6496 2 2 1 3 1 1 1 1 1 4
7292 6111 4 4 4 4 4 4 4 4 1 1
7294 6492 1 1 1 2 2 1 2 2 1 3
7295 6492 1 1 1 1 1 1 1 1 1 3
7297 6068 3 2 3 3 3 3 1 1 1 1
7298 7172 3 4 2 3 3 4 2 1 1 4
7299 6496 3 4 4 3 1 4 3 4 1 4
7301 6502 4 4 2 3 5 4 4 4 1 3
7303 6496 4 3 4 5 2 3 3 3 2 4
7304 6488 1 1 4 3 2 5 4 5 2 4
7305 7183 3 3 3 3 3 3 2 3 2 3
7306 7166 2 2 2 2 2 2 1 1 2 4
7308 6491 1 1 1 1 1 1 1 1 2 3
7309 6100 3 1 2 1 3 1 1 1 2 1
7310 6496 2 2 2 2 4 3 2 2 1 4
7312 6496 3 3 3 3 3 3 3 3 2 4
7313 6496 3 3 3 3 3 3 3 3 1 4
7314 8050 4 4 4 4 3 4 4 5 2 1
7315 6441 5 5 5 5 4 5 4 5 2 3
7317 8159 4 2 3 2 2 3 1 3 1 3
7320 6441 4 4 5 5 2 4 2 4 1 3
7321 6441 1 1 1 1 1 1 1 1 2 3
7322 6457 5 4 5 4 3 5 3 4 1 3
7323 6609 4 4 5 4 2 4 4 4 1 4
7324 6458 4 4 4 3 3 4 2 2 2 3
7325 6441 3 3 3 3 3 3 3 3 1 3
7326 6441 5 5 5 3 5 5 5 5 1 3
7327 6441 3 3 3 3 3 3 3 3 1 3
7329 6446 1 5 5 5 2 5 5 5 1 3
7330 6441 3 4 4 3 2 4 4 4 1 3
7331 7212 3 2 2 2 1 4 1 1 1 1
7332 8161 4 5 4 5 3 5 3 3 2 3
7335 8158 4 4 5 2 3 4 2 3 2 3
7336 6442 4 4 4 4 5 4 1 3 2 3
7337 6441 3 3 4 3 4 4 3 3 2 3
7339 6456 4 4 4 4 4 4 3 4 2 3
7343 6458 4 3 3 5 1 5 3 3 2 3
7344 8159 3 3 3 3 3 3 3 3 2 3
7345 6828 3 2 3 3 2 4 2 2 2 3
7346 6615 4 3 4 5 3 5 2 4 2 3
7347 6703 4 4 4 5 1 3 1 2 2 4
7348 8182 3 3 3 3 3 3 3 3 1 3
7349 6001 1 1 1 1 1 1 1 1 1 1
7350 6702 3 3 3 3 1 4 1 1 2 4
7351 6702 2 2 2 3 1 1 1 1 2 4
7352 6700 3 3 3 3 3 3 3 3 1 4
7353 8210 3 3 2 2 3 4 3 3 2 4
7354 6683 5 5 5 5 2 5 2 1 2 4
7355 6677 3 3 3 3 3 3 3 3 2 4
7356 6673 3 3 4 3 1 2 2 2 1 4
7358 6673 4 4 4 4 3 4 3 3 1 4
7359 8210 4 3 3 3 4 3 2 2 1 4
7361 6683 2 1 2 5 3 2 1 1 2 4
7362 6683 4 3 4 4 4 4 1 1 2 4
7363 8210 4 4 3 4 1 3 3 2 2 4
7364 6673 4 5 2 1 3 4 1 5 1 4
7365 6588 4 4 5 3 4 4 3 3 2 4
7366 6588 5 5 5 5 5 5 5 4 1 4
7367 6589 4 2 2 4 2 4 4 1 1 3
7370 6591 4 5 5 4 5 5 5 3 2 3
7371 6588 4 3 2 2 4 4 2 3 1 4
7372 8195 3 2 2 1 5 4 1 3 1 4
7373 6588 3 2 3 3 3 2 2 2 2 4
7374 6587 1 1 1 1 1 1 1 1 2 3
7375 7288 5 3 5 2 3 2 2 3 1 3
7376 6566 4 3 3 4 4 3 2 2 1 3
7377 6584 4 4 4 4 5 4 1 2 2 3
7378 6577 4 4 5 4 2 5 4 5 2 3
7379 6584 1 1 1 1 1 1 1 1 1 3
7380 6584 1 1 1 4 1 2 1 1 1 3
7381 6577 4 4 3 4 3 4 3 2 1 3
7383 6584 4 4 3 4 4 4 1 1 2 3
7384 6584 4 4 4 5 2 5 2 2 2 3
7385 6584 2 2 2 4 2 2 2 2 1 3
7387 6584 2 2 3 2 4 4 2 3 2 3
7388 8190 5 5 5 5 2 5 4 5 2 3
7389 6584 4 4 5 4 3 4 4 4 2 3
7392 6584 1 1 3 4 3 4 1 1 2 3
7393 6586 3 3 3 2 2 2 2 2 2 3
7394 6577 5 3 5 5 5 5 2 3 2 3
7395 6574 2 2 1 1 3 2 1 2 1 3
7396 6586 4 4 5 5 3 4 5 4 1 3
7397 6580 4 4 4 4 5 5 2 4 1 3
7398 6577 5 5 4 4 5 5 1 1 2 3
7399 6580 3 3 3 3 3 3 3 3 1 3
7400 6577 2 2 1 3 2 2 1 1 1 3
7401 6580 5 5 5 5 5 5 5 5 2 3
7402 6583 1 1 1 1 3 3 1 2 1 3
7403 6577 5 4 5 5 2 3 2 1 2 3
7404 6582 1 1 2 4 1 1 2 1 2 3
7405 6580 4 3 4 3 3 3 3 3 2 3
7406 6589 4 3 2 2 2 4 2 2 1 3
7411 6577 5 4 5 4 4 4 2 2 2 3
7412 7238 1 1 1 1 1 1 1 1 1 2
7413 8190 2 2 2 2 2 2 2 2 2 3
